Rank,Name,Genre,ESRB_Rating,Platform,Publisher,Developer,Critic_Score,Global_Sales,Year,New Average Prices
21,Grand Theft Auto V,Action,M,PS4,Rockstar Games,Rockstar North,9.7,28.11,2014.0,30.835
46,Red Dead Redemption 2,Action-Adventure,M,PS4,Rockstar Games,Rockstar Games,9.8,19.71,2018.0,41.475
69,FIFA 18,Sports,E,PS4,EA Sports,EA Vancouver,8.3,14.940000000000001,2017.0,8.23
77,FIFA 17,Sports,E,PS4,Electronic Arts,EA Canada,8.9,14.649999999999999,2016.0,7.645
101,FIFA 19,Sports,E,PS4,Electronic Arts,EA Sports,,11.370000000000001,2018.0,12.05
113,Call of Duty: Infinite Warfare,Shooter,M,PS4,Activision,Infinity Ward,,13.27,2016.0,13.16
114,Fallout 4,Role-Playing,M,PS4,Bethesda Softworks,Bethesda Game Studios,8.6,13.510000000000002,2015.0,12.96
119,FIFA 16,Sports,E,PS4,EA Sports,EA Canada,8.5,11.47,2015.0,6.515
138,Battlefield 1,Shooter,M,PS4,Electronic Arts,EA DICE,,12.39,2016.0,8.795
167,Minecraft,Misc,E10,PS4,Sony Computer Entertainment,Mojang,9.4,11.76,2014.0,34.975
168,FIFA 15,Sports,E,PS4,EA Sports,EA Canada,8.1,8.51,2014.0,10.835
191,Destiny,Shooter,T,PS4,Activision,Bungie,,9.17,2014.0,11.100000000000001
250,Final Fantasy XV,Role-Playing,T,PS4,Square Enix,Square Enix,8.1,6.21,2016.0,16.740000000000002
274,Crash Bandicoot N. Sane Trilogy,Platform,E10,PS4,Activision,Vicarious Visions,,5.48,2017.0,37.989999999999995
285,Monster Hunter: World,Action,T,PS4,Capcom,Capcom,9.3,5.6,2018.0,24.205
319,Tom Clancy's The Division,Shooter,M,PS4,Ubisoft,Massive Entertainment,,6.96,2016.0,14.02
324,Watch Dogs,Action-Adventure,M,PS4,Ubisoft,Ubisoft Montreal,,5.96,2014.0,23.6
352,Assassin's Creed: Unity,Action,M,PS4,Ubisoft,Ubisoft Montreal,,7.72,2014.0,18.82
353,Destiny 2,Shooter,T,PS4,Activision,Bungie,,6.49,2017.0,7.6899999999999995
356,Batman: Arkham Knight,Action,M,PS4,Warner Bros. Interactive,Rocksteady Studios,8.1,5.69,2015.0,27.654999999999998
363,Far Cry 4,Shooter,M,PS4,Ubisoft,Ubisoft Montreal,8.4,5.739999999999999,2014.0,20.05
381,NBA 2K16,Sports,E10,PS4,2K Sports,Visual Concepts,8.7,6.390000000000001,2015.0,16.855
383,Far Cry 5,Action,M,PS4,Ubisoft,Ubisoft,7.9,5.73,2018.0,24.365000000000002
384,Battlefield 4,Shooter,M,PS4,Electronic Arts,EA DICE,8.3,6.029999999999999,2013.0,19.59
401,Gran Turismo Sport,Racing,E,PS4,Sony Interactive Entertainment,Polyphony Digital,,3.77,2017.0,15.55
430,Assassin's Creed Syndicate,Action,M,PS4,Ubisoft,Ubisoft Quebec,8.6,5.04,2015.0,24.325
447,NBA 2K17,Sports,E,PS4,2K Sports,Visual Concepts,9.0,5.5600000000000005,2016.0,10.709999999999999
458,Mortal Kombat X,Fighting,M,PS4,Warner Bros. Interactive Entertainment,NetherRealm Studios,,5.23,2015.0,27.075
468,FIFA 14,Sports,E,PS4,EA Sports,EA Canada,,4.74,2013.0,10.785
480,Watch Dogs 2,Action,,PS4,Ubisoft,Ubisoft,,4.71,2016.0,19.04
485,NBA 2K18,Sports,E10,PS4,2K Sports,Visual Concepts,8.1,5.359999999999999,2017.0,8.0
494,Madden NFL 16,Sports,E,PS4,EA Sports,EA Tiburon,8.2,5.77,2015.0,11.71
501,Madden NFL 17,Sports,E,PS4,EA Sports,EA Tiburon,8.5,5.72,2016.0,9.125
517,Assassin's Creed IV: Black Flag,Action-Adventure,M,PS4,Ubisoft,Ubisoft Montreal,8.3,5.51,2013.0,24.975
520,Assassin's Creed Odyssey,Action-Adventure,M,PS4,Ubisoft,Ubisoft Quebec,9.5,4.57,2018.0,26.04
553,Metal Gear Solid V: The Phantom Pain,Action,M,PS4,Konami Digital Entertainment,Kojima Productions,,3.87,2015.0,17.345
605,Mafia III,Action-Adventure,M,PS4,2K Games,Hangar 13,6.9,3.9800000000000004,2016.0,21.355
690,NBA 2K19,Sports,E,PS4,2K Sports,Visual Concepts,,4.37,2018.0,11.350000000000001
692,Madden NFL 18,Sports,E,PS4,EA Sports,EA Tiburon,8.2,4.53,2017.0,7.755000000000001
741,NBA 2K15,Sports,E,PS4,2K Sports,Visual Concepts,,4.23,2014.0,10.86
757,Dying Light,Action,M,PS4,Warner Bros. Interactive,Techland,,3.92,2015.0,26.44
804,Uncharted: The Lost Legacy,Action,,PS4,Sony Interactive Entertainment,Naughty Dog,,2.37,2017.0,15.47
817,Dragon Age: Inquisition,Role-Playing,M,PS4,Electronic Arts,BioWare Edmonton,,3.33,2014.0,21.675
855,No Man's Sky,Action-Adventure,T,PS4,Hello Games,Hello Games,6.8,2.4899999999999998,2016.0,39.99
860,Madden NFL 15,Sports,E,PS4,EA Sports,EA Tiburon,,3.85,2014.0,14.96
869,Battlefield V,Shooter,M,PS4,Electronic Arts,EA DICE,,3.7700000000000005,2018.0,20.68
876,Madden NFL 19,Sports,,PS4,EA Sports,EA Tiburon,,3.7199999999999998,2018.0,10.825
901,Spyro Reignited Trilogy,Platform,,PS4,Activision,Toys for Bob,,2.82,2018.0,33.48
907,Need for Speed Rivals,Racing,E10,PS4,Electronic Arts,Ghost Games,,2.87,2013.0,22.245
908,PlayStation VR Worlds,Misc,M,PS4,Sony Interactive Entertainment,SIE London Studio,,2.16,2016.0,14.23
966,LittleBigPlanet 3,Platform,E,PS4,Sony Computer Entertainment,Sumo Digital,,2.06,2014.0,13.01
990,Dragon Quest XI: Echoes of an Elusive Age,Role-Playing,T,PS4,Square Enix,Square Enix,10.0,2.04,2018.0,18.0
1026,Just Cause 3,Action-Adventure,M,PS4,Square Enix,Avalanche Studios,7.5,2.99,2015.0,17.869999999999997
1036,Dishonored 2,Action,M,PS4,Bethesda Softworks,Arkane Studios,,2.83,2016.0,12.93
1087,Until Dawn,Adventure,M,PS4,Sony Computer Entertainment,Supermassive Games Ltd.,,1.9,2015.0,14.99
1113,The Evil Within,Action,M,PS4,Bethesda Softworks,Tango Gameworks,7.7,2.55,2014.0,39.114999999999995
1163,The Crew,Racing,T,PS4,Ubisoft,Ubisoft Reflections,,2.5,2014.0,16.27
1197,For Honor,Action,M,PS4,Ubisoft,Ubisoft Montreal,,2.62,2017.0,12.105
1224,Titanfall 2,Shooter,M,PS4,Electronic Arts,Respawn Entertainment,8.9,3.09,2016.0,10.33
1228,Injustice 2,Fighting,T,PS4,Warner Bros. Interactive Entertainment,NetherRealm Studios,,2.61,2017.0,19.525000000000002
1315,Persona 5,Role-Playing,M,PS4,Atlus,Atlus,,1.64,2017.0,16.23
1335,The Order: 1886,Shooter,M,PS4,Sony Computer Entertainment,Ready at Dawn,6.2,1.62,2015.0,14.53
1346,Wolfenstein: The New Order,Shooter,M,PS4,Bethesda Softworks,MachineGames,,2.3600000000000003,2014.0,22.564999999999998
1417,NBA 2K14,Sports,E,PS4,2K Sports,Visual Concepts,,2.48,2013.0,18.25
1473,Rayman Legends,Platform,E10,PS4,Ubisoft,Ubisoft Montpellier,,1.5,2014.0,23.154999999999998
1544,Dragon Ball FighterZ,Fighting,T,PS4,Namco Bandai Games,Arc System Works,,1.46,2018.0,25.07
1583,South Park: The Fractured But Whole,Role-Playing,M,PS4,Ubisoft,Ubisoft San Francisco,,1.43,2017.0,14.195
1632,Street Fighter V,Fighting,T,PS4,Capcom,Capcom,,1.39,2016.0,21.28
1676,Wolfenstein II: The New Colossus,Shooter,M,PS4,Bethesda Softworks,MachineGames,9.0,1.36,2017.0,14.085
1718,WWE 2K18,Sports,,PS4,2K Sports,Yuke's,,1.33,2017.0,22.43
1736,Fallout 76,Role-Playing,M,PS4,Bethesda Softworks,Bethesda Game Studios,5.1,1.32,2018.0,15.0
1786,The Last Guardian,Action-Adventure,T,PS4,Sony Interactive Entertainment,SIE Japan Studio,7.9,1.29,2016.0,26.48
1792,WWE 2K16,Sports,T,PS4,Take-Two Interactive,Yuke's,,1.29,2015.0,36.295
1799,Borderlands: The Handsome Collection,Shooter,,PS4,2K Games,Gearbox Software,,1.28,2015.0,19.275
1902,WWE 2K17,Sports,T,PS4,2K Games,Yuke's,,1.22,2016.0,24.355
1934,Metal Gear Solid V: Ground Zeroes,Action-Adventure,M,PS4,Konami Digital Entertainment,Kojima Productions,7.6,1.2,2014.0,19.53
1958,Shadow of the Colossus,Action-Adventure,T,PS4,Sony Interactive Entertainment,Bluepoint Games,9.3,1.2,2018.0,40.5
1989,LEGO Jurassic World,Action,E10,PS4,Warner Bros. Interactive Entertainment,Traveller's Tales,,1.18,2015.0,21.885
2008,WWE 2K15,Sports,T,PS4,2K Sports,Visual Concepts,,1.16,2014.0,45.75
2012,MLB The Show 17,Sports,E,PS4,Sony Interactive Entertainment,SIE San Diego Studio,,1.16,2017.0,5.0
2074,LEGO Worlds,Misc,,PS4,Warner Bros. Interactive Entertainment,Traveller's Tales,,1.14,2017.0,19.865000000000002
2121,LEGO Marvel Super Heroes 2,Action,E10,PS4,Warner Bros. Interactive Entertainment,Traveller's Tales,,1.11,2017.0,19.884999999999998
2195,Alien: Isolation,Adventure,M,PS4,Sega,Creative Assembly,,1.09,2014.0,32.085
2247,MLB The Show 18,Sports,E,PS4,Sony Interactive Entertainment,SIE San Diego Studio,,1.06,2018.0,8.02
2288,The Evil Within 2,Action,M,PS4,Bethesda Softworks,Tango Gameworks,,1.05,2017.0,14.14
2326,Nioh,Action,M,PS4,Sony Interactive Entertainment,Team Ninja,,1.03,2017.0,11.26
2363,MLB 15: The Show,Sports,E,PS4,Sony Computer Entertainment,SCE San Diego Studio,,1.01,2015.0,11.36
2365,Steep,Sports,,PS4,Ubisoft,Ubisoft Annecy,,1.01,2016.0,28.49
2372,LEGO Marvel's Avengers,Action,E10,PS4,Warner Bros. Interactive Entertainment,Traveller's Tales,,1.01,2016.0,17.685000000000002
2383,Evolve,Shooter,M,PS4,2K Games,Turtle Rock Studios,,1.01,2015.0,17.6
2465,WWE 2K19,Fighting,,PS4,2K Sports,Visual Concepts,,0.98,2018.0,52.0
2480,Injustice: Gods Among Us Ultimate Edition,Fighting,T,PS4,Warner Bros. Interactive Entertainment,NetherRealm Studios,,0.98,2013.0,14.97
2519,Madden NFL 25,Sports,E,PS4,EA Sports,EA Tiburon,7.4,0.96,2013.0,26.300000000000004
2524,MLB 16: The Show,Sports,E,PS4,Sony Computer Entertainment,SCE San Diego Studio,,0.96,2016.0,7.0
2719,Fortnite,Action,T,PS4,Gearbox Software,Epic Games,,0.89,2017.0,159.64
2743,LEGO Harry Potter Collection,Action,E,PS4,Warner Bros. Interactive Entertainment,Traveller's Tales,,0.88,2016.0,22.135
2816,Thief,Action,M,PS4,Square Enix,Eidos Montreal,,0.85,2014.0,14.895
2820,Until Dawn: Rush of Blood,Shooter,M,PS4,Sony Interactive Entertainment,Supermassive Games Ltd.,,0.85,2016.0,17.4
2823,Disney Infinity 3.0,Action,E,PS4,Disney Interactive Studios,Avalanche Software,,0.85,2015.0,45.325
2831,Farming Simulator 17,Simulation,E,PS4,Focus Home Interactive,Giants Software,,0.85,2016.0,16.54
2921,The Crew 2,Racing,T,PS4,Ubisoft,Ivory Tower,6.5,0.82,2018.0,26.61
2922,Pro Evolution Soccer 2016,Sports,E,PS4,Konami Digital Entertainment,PES Productions,,0.82,2015.0,16.759999999999998
2998,Assassin's Creed The Ezio Collection,Action,M,PS4,Ubisoft,Ubisoft,,0.79,2016.0,24.975
3024,Final Fantasy XIV: A Realm Reborn,MMO,T,PS4,Square Enix,Square Enix,,0.79,2014.0,23.2
3053,F1 2016,Racing,,PS4,Codemasters,Codemasters,,0.78,2017.0,26.650000000000002
3113,Pro Evolution Soccer 2015,Sports,E,PS4,Konami Digital Entertainment,PES Productions,,0.76,2014.0,9.940000000000001
3151,LEGO City Undercover,Platform,E10,PS4,Warner Bros. Interactive Entertainment,TT Fusion,8.0,0.75,2017.0,27.48
3156,Pro Evolution Soccer 2018,Sports,E,PS4,Konami Digital Entertainment,Konami Digital Entertainment,,0.75,2017.0,12.105
3166,Pro Evolution Soccer 2017,Sports,E,PS4,Konami Digital Entertainment,PES Productions,,0.75,2016.0,13.5
3199,Sniper Elite III,Shooter,M,PS4,505 Games,Rebellion Developments,,0.74,2014.0,25.895000000000003
3296,Deus Ex: Mankind Divided,Role-Playing,M,PS4,Square Enix,Eidos Montreal,,0.72,2016.0,9.36
3308,Astro Bot Rescue Mission,Platform,E10,PS4,Sony Interactive Entertainment,SIE Japan Studio,8.5,0.71,2018.0,18.99
3418,Dark Souls II: Scholar of the First Sin,Role-Playing,T,PS4,Namco Bandai Games,From Software,,0.69,2015.0,31.630000000000003
3431,F1 2015,Racing,,PS4,Codemasters,Codemasters Birmingham,,0.68,2015.0,35.235
3545,NHL 16,Sports,,PS4,EA Sports,EA Canada,,0.66,2015.0,8.515
3601,Tales of Berseria,Role-Playing,,PS4,Namco Bandai Games,Namco Bandai Games,,0.65,2017.0,18.57
3619,Batman: Return to Arkham,Action,T,PS4,Warner Bros. Interactive Entertainment,Rocksteady Studios,,0.64,2016.0,27.515
3686,Plants vs. Zombies: Garden Warfare 2,Shooter,E10,PS4,Electronic Arts,PopCap Games,,0.63,2016.0,17.605
3723,LEGO The Hobbit,Action-Adventure,E10,PS4,Warner Bros. Interactive Entertainment,Traveller's Tales,,0.62,2014.0,34.45
3729,World of Final Fantasy,Role-Playing,E10,PS4,Square Enix,Square Enix,,0.62,2016.0,15.43
3742,F1 2017,Racing,E,PS4,Deep Silver,Codemasters,,0.62,2017.0,33.92
3753,NHL 15,Sports,E10,PS4,EA Sports,EA Canada,,0.62,2014.0,10.435
3836,L.A. Noire,Adventure,M,PS4,Rockstar Games,Team Bondi,,0.6,2017.0,36.269999999999996
3930,Hidden Agenda,Adventure,M,PS4,Sony Interactive Entertainment,Supermassive Games Ltd.,,0.59,2017.0,10.84
3946,Call of Duty: Modern Warfare Remastered,Shooter,M,PS4,Activision,Infinity Ward,,0.58,2017.0,34.04
4052,Rock Band 4,Music,T,PS4,Harmonix Music Systems,Harmonix Music Systems,,0.57,2015.0,64.765
4086,NHL 18,Sports,,PS4,EA Sports,EA Canada,,0.57,2017.0,9.379999999999999
4092,Everybody's Golf,Sports,E,PS4,Sony Interactive Entertainment,Clap Hanz,8.1,0.56,2017.0,11.71
4149,Just Cause 4,Action-Adventure,M,PS4,Square Enix,Avalanche Studios,,0.56,2018.0,15.99
4163,Sonic Forces,Platform,E10,PS4,Sega,Sonic Team,,0.56,2017.0,25.685
4173,Lords of the Fallen,Role-Playing,M,PS4,Namco Bandai Games,DECK13 Interactive,,0.55,2014.0,18.31
4196,Sniper Elite 4,Shooter,M,PS4,Rebellion Developments,Rebellion Developments,,0.55,2017.0,28.439999999999998
4227,Rory McIlroy PGA Tour,Sports,E,PS4,Electronic Arts,EA Tiburon,,0.55,2015.0,78.985
4320,LEGO The Incredibles,Action,E10,PS4,Warner Bros. Interactive Entertainment,Traveller's Tales,6.5,0.53,2018.0,23.99
4371,F1 2018,Racing,E,PS4,Codemasters,Codemasters Birmingham,,0.53,2018.0,32.845
4407,NHL 17,Sports,,PS4,EA Sports,EA Canada,,0.52,2016.0,10.96
4451,One Piece: Pirate Warriors 3,Action,T,PS4,Tecmo Koei,Omega Force,,0.52,2015.0,31.0
4463,Hitman 2,Action-Adventure,M,PS4,Warner Bros. Interactive Entertainment,IO Interactive,,0.51,2018.0,27.055
4544,Attack on Titan,Action,M,PS4,Tecmo Koei,Omega Force,,0.5,2017.0,88.445
4597,Pro Evolution Soccer 2019,Sports,E,PS4,Konami,Konami,,0.5,2018.0,22.96
4700,Farpoint,Shooter,M,PS4,Sony Interactive Entertainment,Impulse Gear,,0.48,2017.0,13.75
4714,Battleborn,Shooter,,PS4,2K Games,Gearbox Software,,0.48,2016.0,8.415
4723,A Way Out,Action,M,PS4,Electronic Arts,Hazelight,7.5,0.48,2018.0,63.675
4757,Wolfenstein: The Old Blood,Shooter,M,PS4,Bethesda Softworks,MachineGames,,0.48,2015.0,22.67
4779,Jurassic World Evolution,Simulation,,PS4,Frontier Developments,Frontier Developments,,0.47,2018.0,42.055
4817,Deadpool,Action,M,PS4,Activision,High Moon Studios,,0.47,2015.0,69.5
4826,TrackMania Turbo,Racing,E,PS4,Ubisoft,Nadeo,,0.47,2016.0,29.4
4837,Just Dance 2014,Music,E10,PS4,Ubisoft,Ubisoft Paris,7.5,0.47,2013.0,23.58
4848,Farming Simulator 19,Simulation,E,PS4,Focus Home Interactive,Giants Software,,0.47,2018.0,33.155
4866,Dissidia Final Fantasy NT,Fighting,T,PS4,Square Enix,Square Enix,,0.46,2018.0,10.99
4988,Yakuza Kiwami,Adventure,M,PS4,Sega,Sega,,0.45,2017.0,22.81
5016,Tales of Zestiria,Role-Playing,,PS4,Namco Bandai Games,Namco Bandai Games,,0.45,2015.0,21.0
5074,Sleeping Dogs: Definitive Edition,Action,M,PS4,Square Enix,United Front Games,,0.44,2014.0,29.784999999999997
5165,Trials Fusion,Misc,,PS4,Ubisoft,Unknown,,0.43,2014.0,23.1
5212,NHL 19,Sports,,PS4,EA Sports,EA Canada,,0.43,2018.0,10.0
5307,Mirror's Edge Catalyst,Platform,T,PS4,Electronic Arts,EA DICE,,0.42,2016.0,14.88
5434,Just Dance 2015,Music,E10,PS4,Ubisoft,Ubisoft Paris,,0.41,2014.0,19.235
5440,Sword Art Online: Hollow Realization,Role-Playing,T,PS4,Namco Bandai Games,Aquria,,0.41,2016.0,19.77
5596,Just Dance 2016,Music,E10,PS4,Ubisoft,Ubisoft Paris,,0.39,2015.0,20.16
5619,Batman: Arkham VR,Action,,PS4,Warner Bros. Interactive Entertainment,Rocksteady Studios,,0.39,2016.0,14.97
5664,Tropico 5,Simulation,T,PS4,Kalypso Media,Haemimont Games,,0.38,2015.0,19.89
5825,Burnout Paradise Remastered,Racing,E10,PS4,Electronic Arts,Stellar Entertainment,8.0,0.37,2018.0,22.78
5829,Dynasty Warriors 9,Action,T,PS4,Tecmo Koei,Omega Force,,0.37,2018.0,30.015
5845,Vampyr,Role-Playing,M,PS4,Focus Home Interactive,DONTNOD Entertainment,,0.37,2018.0,27.825
5904,Okami HD,Action,T,PS4,Capcom,Clover Studio,,0.36,2017.0,27.84
6002,Sword Art Online: Lost Song,Role-Playing,,PS4,Namco Bandai Games,Namco Bandai Games,,0.36,2015.0,14.43
6006,Hello Neighbor,Action,E10,PS4,Gearbox Software,Dynamic Pixels,,0.35,2018.0,23.06
6024,Disgaea 5: Alliance of Vengeance,Role-Playing,,PS4,NIS America,Nippon Ichi Software,,0.35,2015.0,20.09
6053,Dead or Alive 5 Last Round,Fighting,M,PS4,Tecmo Koei,Team Ninja,7.1,0.35,2015.0,32.68
6060,Sega Genesis Classics,Misc,T,PS4,Sega,Sega,,0.35,2018.0,34.915
6077,Gravity Rush 2,Action-Adventure,T,PS4,Sony Interactive Entertainment,SIE Japan Studio,,0.35,2017.0,26.89
6236,Dishonored: Death of the Outsider,Action,M,PS4,Bethesda Softworks,Arkane Studios,,0.33,2017.0,18.795
6240,Valkyria Chronicles Remastered,Role-Playing,T,PS4,Sega,Sega,,0.33,2016.0,28.91
6310,Murdered: Soul Suspect,Action-Adventure,M,PS4,Square Enix,Airtight Games,,0.33,2014.0,19.990000000000002
6315,PlayerUnknown's Battlegrounds,Shooter,T,PS4,Sony Interactive Entertainment,PUBG Corporation,,0.33,2018.0,15.46
6621,Sonic Mania,Platform,E,PS4,Sega,PagodaWest Games,,0.31,2017.0,15.0
6631,XCOM 2,Strategy,T,PS4,2K Games,Firaxis Games,,0.31,2016.0,14.32
6716,My Hero One's Justice,Fighting,T,PS4,Bandai Namco Entertainment,Byking,,0.3,2018.0,31.54
6763,Just Dance 2018,Music,E10,PS4,Ubisoft,Ubisoft Paris,,0.3,2017.0,22.96
6809,The Walking Dead: Season Two,Misc,,PS4,Telltale Games,Unknown,,0.3,2014.0,16.32
6812,Sword Art Online: Fatal Bullet,Role-Playing,T,PS4,Namco Bandai Games,Dimps Corporation,,0.29,2018.0,30.615000000000002
6822,Naruto to Boruto: Shinobi Striker,Action,T,PS4,Bandai Namco Games,Soleil Software Studio Inc.,8.5,0.29,2018.0,27.505
6834,Yooka-Laylee,Platform,E10,PS4,Team17 Software,Playtonic Games,,0.29,2018.0,25.799999999999997
6973,Sherlock Holmes: Crimes & Punishments,Adventure,M,PS4,Focus Home Interactive,Frogwares,,0.29,2014.0,38.295
7012,Star Trek Bridge Crew,Action,E10,PS4,Ubisoft,Red Storm Entertainment,,0.28,2017.0,20.99
7134,Secret of Mana,Role-Playing,E10,PS4,Square Enix,Square,,0.28,2018.0,24.47
7151,Gundam Versus,Action,T,PS4,Namco Bandai Games,Namco Bandai Games,7.3,0.28,2017.0,20.32
7193,NBA Live 14,Sports,E,PS4,EA Sports,EA Tiburon,,0.27,2013.0,11.38
7283,Killing Floor 2,Shooter,M,PS4,Tripwire Interactive,Tripwire Interactive,,0.27,2016.0,37.295
7288,Shenmue I & II,Action-Adventure,T,PS4,Sega,Sega,,0.27,2018.0,34.86
7343,Fate/Extella: The Umbral Star,Action,T,PS4,Xseed Games,Marvelous Entertainment,,0.27,2017.0,35.1
7602,Tetris Effect,Puzzle,E,PS4,Sony Interactive Entertainment,Monstars Inc.,,0.25,2018.0,27.01
7684,Danganronpa V3: Killing Harmony,Adventure,M,PS4,NIS America,Spike Chunsoft,,0.25,2017.0,85.0
7712,Samurai Warriors 4,Fighting,T,PS4,Tecmo Koei,Omega Force,,0.25,2014.0,38.92
7726,Darksiders III,Action,M,PS4,THQ Nordic,Gunfire Games,,0.25,2018.0,15.765
7728,NBA Live 15,Sports,E,PS4,Electronic Arts,EA Tiburon,,0.25,2014.0,12.575
7785,Valkyria Chronicles 4,Role-Playing,T,PS4,Sega,Sega,,0.25,2018.0,32.405
7790,NBA Live 18,Sports,E,PS4,EA Sports,EA Sports,,0.24,2017.0,10.84
7807,Tearaway Unfolded,Platform,E,PS4,Sony Computer Entertainment,Media Molecule,,0.24,2015.0,13.41
7849,Ride,Racing,E,PS4,Milestone S.r.l.,Milestone S.r.l.,,0.24,2015.0,32.955
7863,Just Dance 2017,Misc,E10,PS4,Ubisoft,Ubisoft Paris,,0.24,2016.0,17.68
7874,The Escapists 2,Action,T,PS4,Sold Out,Team17 Software,,0.24,2017.0,25.985
7899,Transformers: Devastation,Action,T,PS4,Activision,PlatinumGames,,0.24,2015.0,43.87
7911,Earth Defense Force 5,Shooter,,PS4,D3 Publisher,Sandlot,,0.24,2018.0,32.05
7927,Darksiders II: Deathinitive Edition,Action-Adventure,M,PS4,Nordic Games,Gunfire Games,7.5,0.24,2015.0,28.560000000000002
7939,Street Fighter 30th Anniversary Collection,Fighting,T,PS4,Capcom,Capcom,,0.24,2018.0,28.575
7961,Digimon World: Next Order,Role-Playing,E10,PS4,Namco Bandai Games,Bandai Namco Games,,0.24,2017.0,22.24
8069,Elex,Role-Playing,M,PS4,THQ Nordic,Piranha Bytes,,0.23,2017.0,17.005000000000003
8206,Metal Gear Survive,Action,M,PS4,Konami Digital Entertainment,Konami Digital Entertainment,,0.23,2018.0,13.405
8221,SingStar Celebration,Music,T,PS4,Sony Interactive Entertainment,SIE London Studio,,0.23,2017.0,13.27
8264,Dead by Daylight,Action,M,PS4,505 Games,Behaviour Interactive Inc.,,0.22,2017.0,33.055
8268,Attack on Titan 2,Action,M,PS4,Koei Tecmo,Omega Force,7.8,0.22,2018.0,157.5
8338,Bladestorm: Nightmare,Action,T,PS4,Tecmo Koei,Omega Force,,0.22,2015.0,27.735
8360,Zombie Army Trilogy,Shooter,M,PS4,Rebellion Developments,Rebellion Developments,,0.22,2015.0,51.165
8370,Outlast Trinity,Action,,PS4,Warner Bros. Interactive Entertainment,Red Barrels,,0.22,2017.0,72.715
8381,Judgment,Action-Adventure,M,PS4,Sega,Sega,,0.22,2019.0,25.23
8392,Warriors Orochi 4,Action,T,PS4,Koei Tecmo,Omega Force,,0.22,2018.0,35.655
8572,NBA Live 16,Sports,E,PS4,EA Sports,EA Tiburon,,0.21,2015.0,12.93
8580,Conan Exiles,Action-Adventure,M,PS4,Maximum Games,Funcom Oslo A/S,,0.21,2018.0,29.59
8607,Devil May Cry HD Collection,Action,,PS4,Capcom,Capcom,,0.21,2018.0,34.19
8613,7 Days to Die,Action,M,PS4,Telltale Games,The Fun Pimps,,0.21,2016.0,111.60499999999999
8624,Dynasty Warriors 8: Empires,Misc,,PS4,Tecmo Koei,Unknown,,0.21,2015.0,41.33
8627,Dragon's Dogma: Dark Arisen,Role-Playing,M,PS4,Capcom,Capcom,,0.21,2017.0,36.875
8677,Kingdom Hearts: The Story So Far,Role-Playing,,PS4,Square Enix,Square Enix,,0.2,2018.0,22.71
8892,Agents of Mayhem,Action,M,PS4,Deep Silver,Volition Inc.,,0.2,2017.0,10.4
8909,MotoGP 14,Racing,E,PS4,Namco Bandai Games,Milestone S.r.l.,,0.2,2014.0,17.77
9063,NBA Live 19,Sports,,PS4,Electronic Arts,EA Tiburon,,0.19,2018.0,20.259999999999998
9145,Creed: Rise to Glory,Sports,,PS4,Sony Interactive Entertainment,Survios,,0.19,2018.0,28.0
9146,God Eater 3,Role-Playing,T,PS4,Bandai Namco Entertainment,Bandai Namco Studios,,0.19,2019.0,18.08
9189,The Surge,Action,M,PS4,Focus Home Interactive,DECK13 Interactive,,0.19,2017.0,24.745
9264,Bendy and the Ink Machine,Puzzle,T,PS4,Rooster Teeth Games,TheMeatly Games,,0.18,2018.0,25.529999999999998
9576,Mega Man 11,Platform,,PS4,Capcom,Capcom,,0.17,2018.0,21.125
9597,Resident Evil 6,Shooter,M,PS4,Capcom,Capcom,,0.17,2016.0,28.865000000000002
9647,Final Fantasy XIV: Stormblood,MMO,T,PS4,Square Enix,Square Enix,,0.17,2017.0,10.0
9661,Just Dance 2019,Music,E,PS4,Ubisoft,Ubisoft Paris,,0.17,2018.0,25.11
9665,Guilty Gear Xrd: Sign,Fighting,T,PS4,Aksys Games,Arc System Works,,0.17,2014.0,19.89
9698,BlazBlue: Central Fiction,Fighting,T,PS4,Aksys Games,Arc System Works,,0.17,2016.0,33.5
9820,Ride 2,Racing,E,PS4,Milestone S.r.l,Milestone S.r.l.,,0.16,2017.0,32.565
9848,Putty Squad,Platform,E10,PS4,System 3,System 3,,0.16,2013.0,11.26
9918,Naruto Shippuden: Ultimate Ninja Storm Legacy,Fighting,,PS4,Namco Bandai Games,CyberConnect2,,0.16,2017.0,273.515
9924,Berserk and the Band of the Hawk,Action,M,PS4,Tecmo Koei,Omega Force,,0.16,2017.0,108.75
9957,BlazBlue: Chrono Phantasma Extend,Fighting,T,PS4,Aksys Games,Arc System Works,,0.16,2015.0,45.72
10032,Valkyria Revolution,Role-Playing,T,PS4,Sega,Media.Vision,,0.16,2017.0,21.17
10113,Gravity Rush Remastered,Action-Adventure,T,PS4,Sony Computer Entertainment,Bluepoint Games,7.9,0.16,2016.0,184.89
10322,Atelier Sophie: The Alchemist of the Mysterious Book,Role-Playing,T,PS4,Tecmo Koei,Gust,,0.15,2016.0,61.25
10364,NASCAR Heat Evolution,Racing,,PS4,Dusenberry Martin Racing,Monster Games,,0.15,2016.0,31.125
10410,Dragon Quest Builders 2,Adventure,RP,PS4,Square Enix,Square Enix,,0.15,2019.0,15.59
10419,Toukiden 2,Action,T,PS4,Tecmo Koei,Omega Force,,0.15,2017.0,49.95
10433,Song of the Deep,Action,,PS4,Insomniac Games,Insomniac Games,,0.15,2016.0,36.735
10538,Cyberdimension Neptunia: 4 Goddesses Online,Role-Playing,T,PS4,Idea Factory International,Compile Heart,,0.14,2017.0,44.0
10545,Grand Kingdom,Role-Playing,T,PS4,NIS America,Monochrome Corporation,,0.14,2016.0,22.25
10684,We Happy Few,Action-Adventure,M,PS4,Gearbox Software,Compulsion Games,,0.14,2018.0,14.15
10685,Rocksmith 2014 Edition Remastered,Music,T,PS4,Ubisoft,Ubisoft,,0.14,2016.0,67.555
10760,MXGP 2,Racing,E,PS4,Milestone S.r.l,Milestone S.r.l.,,0.14,2016.0,25.125
10810,MotoGP 17,Racing,E,PS4,Koch Media,Milestone S.r.l.,,0.14,2017.0,18.605
10894,Samurai Warriors 4-II,Action,T,PS4,Tecmo Koei,Omega Force,,0.13,2015.0,35.55
10925,Hatsune Miku: Project Diva X,Music,T,PS4,Sega,Sega,,0.13,2016.0,44.66
10926,New Gundam Breaker,Action,,PS4,Namco Bandai Games,Bandai Namco Games,2.8,0.13,2018.0,14.87
11019,NASCAR Heat 2,Racing,E,PS4,704Games,Monster Games,,0.13,2017.0,29.41
11044,Bulletstorm: Full Clip Edition,Shooter,M,PS4,Gearbox Software,People Can Fly,,0.13,2017.0,23.865
11103,Golf Club 2,Sports,E,PS4,Maximum Games,HB Studios,,0.13,2017.0,32.925
11127,Persona Dancing: Endless Night Collection,Music,,PS4,Atlus,Atlus,,0.13,2018.0,68.88
11133,Akiba's Trip: Undead & Undressed,Action,M,PS4,Xseed Games,Acquire,,0.13,2014.0,41.0
11134,NASCAR Heat 3,Racing,,PS4,704Games,Monster Games,,0.13,2018.0,24.544999999999998
11143,Rugby 15,Sports,EC,PS4,Maximum Games,HB Studios,,0.13,2015.0,12.81
11185,Utawarerumono: Mask of Truth,Visual Novel,M,PS4,Atlus,Aqua Plus,,0.13,2017.0,29.99
11229,Utawarerumono: Mask of Deception,Adventure,,PS4,Atlus,Aqua Plus,,0.13,2017.0,48.76
11266,MX vs ATV All Out,Racing,E10,PS4,THQ Nordic,Rainbow Studios,,0.12,2018.0,25.06
11279,Dragon's Crown Pro,Role-Playing,,PS4,Atlus,Vanillaware,,0.12,2018.0,21.23
11367,Job Simulator,Simulation,E10,PS4,Sony Interactive Entertainment,Owlchemy Labs,,0.12,2017.0,169.5
11376,Portal Knights,Role-Playing,E10,PS4,505 Games,Keen Games,,0.12,2017.0,23.18
11384,Fire Pro Wrestling World,Fighting,T,PS4,Spike Chunsoft,Spike Chunsoft,,0.12,2018.0,39.75
11386,Fate/Extella Link,Action,T,PS4,Xseed Games,Marvelous,,0.12,2019.0,42.33
11479,Call of Cthulhu,Role-Playing,M,PS4,Focus Home Interactive,Cyanide,,0.12,2018.0,26.459999999999997
11486,Danganronpa 1-2 Reload,Adventure,M,PS4,NIS America,Spike Chunsoft,,0.12,2017.0,65.0
11521,Subnautica,Adventure,,PS4,Gearbox Software,Unknown Worlds Entertainment,,0.12,2018.0,30.42
11678,Digimon Story: Cyber Sleuth,Role-Playing,,PS4,Namco Bandai Games,Media.Vision,,0.11,2016.0,34.32
11752,Darksiders: Warmastered Edition,Action-Adventure,M,PS4,THQ Nordic,Kaiko,,0.11,2016.0,30.9
11772,Mighty No. 9,Platform,E10,PS4,Deep Silver,Comcept,,0.11,2016.0,11.504999999999999
11949,Earth Defense Force 4.1: The Shadow of New Despair,Shooter,M,PS4,Xseed Games,Sandlot,,0.11,2015.0,18.27
12101,Assassin's Creed Chronicles,Action,T,PS4,Ubisoft,Climax Studios,,0.11,2016.0,28.53
12178,Slime Rancher,Simulation,E10,PS4,Skybound Games,Monomi Park,,0.1,2018.0,32.955
12189,Pac-Man Championship Edition 2 + Arcade Game Series,Action,E,PS4,Namco Bandai Games,Namco Bandai Games,,0.1,2017.0,24.86
12276,Romance of the Three Kingdoms XIII,Action,E10,PS4,Tecmo Koei,Koei Tecmo Games,,0.1,2016.0,35.25
12312,Warriors All-Stars,Action,T,PS4,Tecmo Koei,Omega Force,,0.1,2017.0,20.53
12329,Starlink: Battle for Atlas,Action-Adventure,E10,PS4,Ubisoft,Ubisoft Toronto,,0.1,2018.0,10.0
12332,Mega Man Legacy Collection 2,Action,E10,PS4,Capcom,Capcom,,0.1,2017.0,23.205
12389,Final Fantasy XIV Online Complete Edition,MMO,T,PS4,Square Enix,Square Enix,,0.1,2017.0,25.79
12392,Puyo Puyo Tetris,Puzzle,E,PS4,Sega,Sonic Team,,0.1,2017.0,17.91
12414,Sudden Strike 4,Strategy,T,PS4,Kalypso Media,Kite Games,,0.1,2017.0,21.03
12535,Let's Sing 2016,Music,T,PS4,Ravenscourt,Voxler,,0.1,2015.0,17.69
12550,Resident Evil 4,Action-Adventure,M,PS4,Capcom,Capcom,,0.1,2016.0,28.95
12601,Deracine,Adventure,T,PS4,Sony Interactive Entertainment,From Software,,0.1,2018.0,22.19
12701,Nights of Azure,Action,T,PS4,Tecmo Koei,Gust,,0.09,2016.0,36.0
12843,Dark Souls Trilogy,Role-Playing,M,PS4,Bandai Namco Entertainment,From Software,,0.09,2018.0,240.695
12918,Train Sim World,Simulation,,PS4,Maximum Games,Dovetail Games,,0.09,2018.0,49.17
12939,Dark Rose Valkyrie,Role-Playing,T,PS4,Idea Factory International,Compile Heart,,0.09,2017.0,19.41
12967,ATV Drift & Tricks,Racing,E,PS4,Maximum Games,Artefacts Studio,,0.09,2017.0,17.95
12982,Strange Brigade,Shooter,,PS4,Rebellion Developments,Rebellion Developments,,0.09,2018.0,21.945
13004,Nickelodeon Kart Racers,Racing,E,PS4,GameMill Entertainment,Solutions 2 Go,,0.09,2018.0,30.51
13016,Nights of Azure,Role-Playing,T,PS4,Tecmo Koei,Gust,,0.09,2016.0,36.0
13040,Lara Croft and the Temple of Osiris,Action,T,PS4,Square Enix,Crystal Dynamics,,0.09,2014.0,23.0
13204,Earth Defense Force 4.1: The Shadow of New Despair,Shooter,M,PS4,Xseed Games,Sandlot,,0.08,2015.0,18.27
13275,Legend of Kay Anniversary,Action,E10,PS4,Nordic Games,Neon Studios,,0.08,2015.0,14.26
13299,Hasbro Family Fun Pack Conquest Edition,Misc,,PS4,Ubisoft,Ubisoft,,0.08,2016.0,25.534999999999997
13318,Shining Resonance Refrain,Role-Playing,T,PS4,Sega,Media.Vision,,0.08,2018.0,36.19
13362,Rapala Fishing Pro Series,Simulation,E,PS4,GameMill,"Concrete Software, Inc.",,0.08,2017.0,32.545
13420,Atelier Firis: The Alchemist and the Mysterious Journey,Role-Playing,T,PS4,Tecmo Koei,Gust,,0.08,2017.0,74.29
13436,Gravel,Racing,,PS4,Milestone S.r.l.,Milestone S.r.l.,,0.08,2018.0,22.42
13486,Dead Rising,Action,,PS4,Capcom,Capcom Production Studio 1,,0.08,2016.0,27.235
13510,Assetto Corsa,Racing,E,PS4,505 Games,Kunos Simulazioni,,0.08,2016.0,32.845
13571,Akiba's Beat,Action,T,PS4,Xseed Games,Acquire,,0.08,2017.0,17.37
13575,NBA 2K Playgrounds 2,Sports,,PS4,2K Games,Saber Interactive,,0.08,2018.0,20.975
13580,WRC 6,Racing,E,PS4,Namco Bandai Games,Bigben Interactive,,0.08,2017.0,26.53
13641,Resident Evil 5,Action,M,PS4,Capcom,Capcom,,0.07,2016.0,28.085
13663,Samurai Warriors: Spirit of Sanada,Action,T,PS4,Tecmo Koei,Omega Force,,0.07,2017.0,21.95
13681,Ride 3,Racing,E,PS4,Bandai Namco Entertainment,Milestone S.r.l.,,0.07,2018.0,53.745000000000005
13731,Has-Been Heroes,Action,,PS4,GameTrust,Frozenbyte,,0.07,2017.0,16.995
13757,Styx: Shards of Darkness,Action,M,PS4,Focus Home Interactive,Cyanide Studio,,0.07,2017.0,19.285
13769,Dead Rising 2,Action,,PS4,Capcom,Capcom,,0.07,2016.0,24.575
13789,The Book of Unwritten Tales 2,Adventure,T,PS4,Nordic Games,KING Art Games,,0.07,2015.0,17.165
13877,Hunting Simulator,Shooter,T,PS4,Bigben Interactive,Maximum Games,,0.07,2017.0,30.255
13901,WRC 7,Racing,E,PS4,Bigben Interactive,Kylotonn Entertainment,,0.07,2017.0,24.714999999999996
13914,Paw Patrol on a Roll,Platform,E,PS4,Outright Games,Outright Games,,0.07,2018.0,28.555
14004,Terraria,Action,T,PS4,505 Games,Re-Logic,,0.07,2014.0,25.904999999999998
14038,Disgaea 1 Complete,Role-Playing,T,PS4,NIS America,Nippon Ichi Software,,0.07,2018.0,27.82
14060,Dragon's Crown Pro,Role-Playing,T,PS4,Atlus,Vanillaware,,0.07,2018.0,21.23
14118,Batman: The Enemy Within,Adventure,M,PS4,Telltale Games,Telltale Games,,0.07,2017.0,28.12
14144,Legend of Kay Anniversary,Action,E10,PS4,Nordic Games,Nordic Games,,0.07,2015.0,14.26
14205,Nobunaga's Ambition: Taishi,Strategy,,PS4,Koei Tecmo,Koei Tecmo Games,,0.06,2018.0,19.18
14221,Super Bomberman R,Puzzle,E10,PS4,Konami Digital Entertainment,HexaDrive,,0.06,2018.0,28.815
14231,Persona 5: Dancing in Starlight,Music,T,PS4,Atlus,Atlus,,0.06,2018.0,49.23
14281,Birthdays the Beginning,Misc,E,PS4,NIS America,Arc System Works,,0.06,2017.0,32.86
14300,Rugby 18,Sports,E,PS4,Koch Media,EKO Software,,0.06,2017.0,24.174999999999997
14319,Golf Club 2019,Sports,,PS4,2K Games,HB Studios,,0.06,2018.0,23.295
14395,Sherlock Holmes: The Devil's Daughter,Adventure,T,PS4,Bigben Interactive,Bigben Interactive,,0.06,2016.0,40.5
14460,Deformers,Action,,PS4,Ready at Dawn,Ready at Dawn,,0.06,2017.0,22.48
14553,Shadows Awakening,Role-Playing,,PS4,Kalypso Media,Games Farm,,0.06,2018.0,37.685
14614,Outcast: Second Contact,Adventure,T,PS4,Maximum Games,Bigben Interactive,,0.06,2017.0,14.99
14684,Cartoon Network Battle Crashers,Action,E10,PS4,GameMill,Magic Pockets,,0.06,2016.0,27.130000000000003
14695,Extinction,Action,M,PS4,Maximum Games,Iron Galaxy,,0.06,2018.0,11.44
14719,Exist Archive: The Other Side of the Sky,Role-Playing,T,PS4,Aksys Games,tri-Ace,,0.06,2016.0,15.0
14723,Sine Mora EX,Action,M,PS4,THQ Nordic,Digital Reality,,0.06,2017.0,25.95
14749,Aven Colony,Strategy,E10,PS4,Sold Out,Mothership Entertainment,,0.06,2017.0,29.214999999999996
14754,Battle Chasers: Nightwar,Role-Playing,T,PS4,THQ Nordic,Airship Syndicate,,0.06,2017.0,18.575000000000003
14918,Black Mirror,Adventure,M,PS4,THQ Nordic,KING Art Games,,0.05,2017.0,32.765
14930,Touhou Genso Wanderer,Action,T,PS4,NIS America,AQUA STYLE,,0.05,2017.0,23.96
14971,Carnival Games,Party,E10,PS4,2K Games,Cat Daddy Games,,0.05,2018.0,21.0
14988,Bubsy: The Woolies Strike Back,Platform,E,PS4,Accolade,Black Forest Games,,0.05,2017.0,20.7
15031,Nitroplus Blasterz: Heroines Infinite Duel,Fighting,,PS4,Xseed Games,Examu Inc.,,0.05,2016.0,19.99
15034,Nobunaga's Ambition: Sphere of Influence,Strategy,T,PS4,Tecmo Koei,Koei,,0.05,2015.0,21.47
15043,The Long Dark,Simulation,T,PS4,Skybound Games,Hinterland Studio Inc.,,0.05,2018.0,40.9
15065,Werewolves Within,Misc,,PS4,Ubisoft,Ubisoft,,0.05,2016.0,8.37
15110,Real Farm,Simulation,E,PS4,Soedesco,Triangle Studios,,0.05,2017.0,29.729999999999997
15165,MXGP Pro,Racing,,PS4,Milestone S.r.l.,Milestone S.r.l.,,0.05,2018.0,20.490000000000002
15195,Apex Construct,Action,E10,PS4,Perp Games,Fast Travel Games,,0.05,2018.0,15.0
15200,Fishing Sim World,Simulation,E,PS4,Dovetail Games,Dovetail Games,,0.05,2018.0,55.335
15228,Metal Max Xeno,Role-Playing,,PS4,NIS America,Kadokawa Games,,0.05,2018.0,20.77
15234,Don't Starve,Adventure,T,PS4,Klei Entertainment,Klei Entertainment,,0.05,2018.0,46.59
15262,Dakar 18,Racing,,PS4,Deep Silver,Bigmoon Entertainment,,0.05,2018.0,30.175
15360,Monster Jam: Crush It,Racing,,PS4,GameMill,GameMill,,0.05,2017.0,34.13
15367,Prison Architect,Simulation,M,PS4,Introversion Software,Introversion Software,,0.05,2016.0,35.17
15432,Owlboy,Platform,,PS4,Soedesco,D-Pad Studios,,0.05,2018.0,20.68
15459,Assault Suit Leynos,Shooter,E10,PS4,Rising Star Games,"extreme Co.,Ltd.",,0.05,2016.0,30.55
15502,Onrush,Racing,,PS4,Deep Silver,Codemasters,,0.05,2018.0,17.205
15505,Dead Cells,Action,T,PS4,Merge Games,Motion Twin,,0.05,2018.0,18.45
15526,Dead Alliance,Shooter,M,PS4,Maximum Games,IllFonic,,0.04,2017.0,19.18
15552,Deer Hunter Reloaded,Shooter,,PS4,GameMill Entertainment,GameMill,,0.04,2017.0,20.495
15566,Raid: World War II,Shooter,M,PS4,505 Games,Lion Game Lion,,0.04,2017.0,17.045
15567,Megadimension Neptunia VII,Role-Playing,T,PS4,Idea Factory International,Compile Heart,,0.04,2016.0,24.76
15576,Zero Escape The Nonary Games,Adventure,T,PS4,Aksys Games,Spike Chunsoft,,0.04,2017.0,31.0
15604,Vikings: Wolves of Midgard,Action,M,PS4,Kalypso Media,Games Farm,,0.04,2017.0,32.815
15632,Megadimension Neptunia VIIR,Role-Playing,,PS4,Idea Factory International,Compile Heart,,0.04,2018.0,45.52
15648,Pure Farming 2018,Simulation,E,PS4,Techland,Ice Flames,7.0,0.04,2018.0,13.945
15685,Air Conflicts: Secret Wars,Simulation,T,PS4,Nighthawk Interactive,Games Farm,,0.04,2017.0,23.95
15741,Senran Kagura Burst Re:Newal,Action,M,PS4,Xseed Games,HONEY PARADE GAMES,,0.04,2019.0,33.86
15794,Axiom Verge,Action,,PS4,Thomas Happ Games,Thomas Happ Games,,0.04,2015.0,18.53
15829,Unbox: Newbie's Adventure,Action,E,PS4,Merge Games,Prospect Games,,0.04,2017.0,10.99
15908,My Riding Stables: Life with Horses,Simulation,E,PS4,TREVA Entertainment,Independent Arts Software GmbH,,0.04,2018.0,20.42
15922,Surviving Mars,Simulation,,PS4,Maximum Games,Haemimont Games,,0.04,2018.0,20.13
15931,Scribblenauts Mega Pack,Adventure,E10,PS4,Warner Bros. Interactive Entertainment,Shiver Games,,0.04,2018.0,13.815000000000001
15938,Yonder: The Cloud Catcher Chronicles,Action,,PS4,CokeM Interactive,Prideful Sloth,,0.04,2017.0,18.37
15989,Tennis World Tour,Sports,E,PS4,Bigben Interactive,Breakpoint Studio,,0.04,2018.0,28.06
15995,Black Clover: Quartet Knights,Shooter,T,PS4,Bandai Namco Entertainment,Ilinx,,0.04,2018.0,21.27
15999,Danganronpa Another Episode: Ultra Despair Girls,Shooter,M,PS4,NIS America,Spike Chunsoft,,0.04,2017.0,60.11
16001,Aegis of Earth: Protonovus Assault,Action,T,PS4,Aksys Games,Acquire,,0.04,2016.0,12.51
16050,Hotel Transylvania 3: Monsters Overboard,Action-Adventure,E10,PS4,Outright Games,Torus Games,,0.04,2018.0,35.644999999999996
16061,Just Sing,Music,E10,PS4,Ubisoft,Ubisoft,,0.04,2016.0,16.95
16103,Immortal Unchained,Role-Playing,,PS4,Sold Out,Toadman Interactive,,0.04,2018.0,32.11
16111,Lumo,Puzzle,E10,PS4,Rising Star Games,Triple Eh?,,0.04,2016.0,15.48
16116,Operation Warcade,Shooter,,PS4,Perpetual,Ivanovich Games,,0.04,2018.0,15.47
16158,Persona 3: Dancing in Moonlight,Music,T,PS4,Atlus,Atlus,,0.04,2018.0,24.66
16168,The Persistence,Action-Adventure,M,PS4,Sony Interactive Entertainment,Firesprite,,0.04,2018.0,27.715
16204,Punch Line,Adventure,,PS4,PQube,5pb. Inc.,,0.04,2018.0,22.0
16219,VR Karts,Racing,,PS4,Perp Games,Unknown,,0.04,2017.0,41.5
16234,Omen of Sorrow,Fighting,,PS4,Soedesco,AOne Games,,0.04,2018.0,20.27
16321,South Park: The Stick of Truth,Role-Playing,M,PS4,Ubisoft,Obsidian Entertainment,,0.03,2018.0,33.875
16338,8-Bit Armies,Strategy,E10,PS4,Soedesco,Petroglyph Games,,0.03,2018.0,24.035
16353,The Raven Remastered,Adventure,T,PS4,THQ Nordic,KING Art Games,,0.03,2018.0,17.6
16395,Death Mark,Misc,M,PS4,Aksys Games,Experience Inc.,,0.03,2018.0,21.85
16491,The Dwarves,Role-Playing,,PS4,THQ Nordic,KING Art Games,,0.03,2016.0,19.505
16554,Railway Empire,Simulation,E,PS4,Kalypso Media,Gaming Minds Studios,,0.03,2018.0,29.945
16709,Super Dungeon Bros,Action,E10,PS4,Wired Productions,React Games,,0.03,2016.0,15.905
16727,Don't Knock Twice,Adventure,,PS4,Perpetual,Wales Interactive Ltd.,,0.03,2018.0,38.59
16731,Troll and I,Action,T,PS4,Maximum Games,Spiral House,,0.03,2017.0,12.235
16732,Beast Quest,Action-Adventure,E10,PS4,Maximum Games,Torus Games,,0.03,2018.0,13.07
16811,The Pillars of the Earth,Adventure,M,PS4,Kalypso Media,Daedalic Entertainment,,0.03,2017.0,19.75
16856,Road Rage,Racing,M,PS4,Maximum Games,Team 6 Games Studio,,0.03,2017.0,27.0
16923,Death end re;Quest,Role-Playing,,PS4,Idea Factory,Compile Heart,,0.03,2019.0,51.7
16978,Tumblestone,Puzzle,E,PS4,Nighthawk Interactive,The Quantum Astrophysicists Guild,,0.03,2016.0,13.52
16992,Bridge Constructor Portal,Simulation,,PS4,Nighthawk Interactive,ClockStoneSoftware,,0.03,2018.0,21.84
16993,Blackguards 2,Strategy,M,PS4,Kalypso Media,Daedalic Entertainment,,0.03,2017.0,16.345
17021,Geometry Wars 3: Dimensions Evolved,Action,,PS4,Activision,Unknown,,0.03,2016.0,8.795
17110,Air Missions: Hind,Simulation,,PS4,Soedesco,3Division,,0.03,2018.0,32.96
17143,Root Letter,Visual Novel,M,PS4,PQube,Kadokawa Games,,0.03,2016.0,21.17
17158,Agony,Action-Adventure,,PS4,Maximum Games,Madmind Studio,5.0,0.03,2018.0,34.739999999999995
17171,Legendary Fishing,Sports,E,PS4,Ubisoft,Ubisoft,,0.03,2018.0,17.01
17190,Monster Boy and the Cursed Kingdom,Platform,E10,PS4,FDG Entertainment,Game Atelier,,0.03,2018.0,74.17
17192,Past Cure,Action,M,PS4,Phantom 8 Studio,Phantom 8 Studio,,0.03,2018.0,18.66
17217,Omega Quintet,Role-Playing,T,PS4,Compile Heart,Compile Heart,,0.03,2015.0,21.77
17242,Touhou Kobuto V: Burst Battle,Shooter,T,PS4,NIS America,CUBETYPE,,0.03,2017.0,17.95
17293,Lost Sphear,Role-Playing,E10,PS4,Square Enix,Tokyo RPG Factory,6.0,0.02,2018.0,39.49
17300,Rad Rodgers,Platform,,PS4,THQ Nordic,3D Realms,,0.02,2018.0,22.5
17328,Republique,Action-Adventure,M,PS4,GungHo Online Entertainment,Camouflaj,6.5,0.02,2016.0,15.01
17347,Redout,Racing,E,PS4,505 Games,Nicalis,,0.02,2017.0,19.005000000000003
17379,Trailblazers,Racing,E,PS4,Rising Star Games,Supergonk,,0.02,2018.0,24.04
17400,Earth's Dawn,Action,,PS4,Rising Star Games,Unknown,,0.02,2016.0,17.06
17455,Blade Strangers,Fighting,T,PS4,Nicalis,Studio Saizensen,,0.02,2018.0,35.78
17474,Big Buck Hunter Arcade,Shooter,T,PS4,GameMill Entertainment,GameMill Entertainment,,0.02,2017.0,18.990000000000002
17517,Space Hulk Tactics,Strategy,,PS4,Focus Home Interactive,Cyanide,,0.02,2018.0,18.494999999999997
17651,Crystar,Role-Playing,RP,PS4,Spike Chunsoft,FuRyu,,0.02,2019.0,129.0
17652,Flipping Death,Platform,,PS4,Rising Star,Zoink Games,,0.02,2018.0,11.84
17654,Tricky Towers,Puzzle,E,PS4,Soedesco,WeirdBeard,,0.02,2017.0,18.99
17682,No Heroes Allowed! VR,Strategy,,PS4,Sony Interactive Entertainment,Acquire,,0.02,2017.0,34.99
17734,Titan Quest,Action,T,PS4,THQ Nordic,Iron Lore Entertainment,,0.02,2018.0,17.42
17795,Gravity Rush Remastered,Action-Adventure,,PS4,Sony Computer Entertainment Europe,Bluepoint Games,,0.02,2016.0,184.89
17916,The Inner World: The Last Wind Monk,Puzzle,E10,PS4,Kalypso Media,Studio Fizbin,,0.02,2017.0,15.48
17925,SteamWorld Collection,Misc,E10,PS4,Rising Star Games,Image & Form Games,,0.02,2016.0,14.86
17996,Crayola Scoot,Sports,E,PS4,Outright Games,Outright Games,,0.02,2018.0,24.335
18023,Adventure Time: Pirates of the Enchiridion,Adventure,E10,PS4,Outright Games,Outright Games,,0.02,2018.0,22.384999999999998
18255,Rogue Trooper Redux,Shooter,T,PS4,Rebellion,TickTock Games,,0.02,2017.0,24.464999999999996
18323,Dragon Star Varnir,Role-Playing,RP,PS4,Compile Heart,Compile Heart,,0.02,2019.0,47.99
18328,Touhou Genso Wanderer Reloaded,Role-Playing,T,PS4,NIS America,AQUA STYLE,,0.02,2018.0,27.74
18635,Yoku's Island Express,Action,E10,PS4,Villa Gorilla,Villa Gorilla,9.0,0.01,2018.0,17.175
18638,Super Neptunia RPG,Role-Playing,RP,PS4,Idea Factory International,Idea Factory,,0.01,2019.0,22.75
18753,Flashback,Platform,E10,PS4,Microids,Paul Cuisset,,0.01,2018.0,17.9
18779,Tempest 4000,Shooter,,PS4,Atari,Llamasoft,,0.01,2018.0,21.795
18905,Moonlighter,Role-Playing,E10,PS4,Merge Games,Digital Sun,,0.01,2018.0,18.02
18950,The Princess Guide,Role-Playing,,PS4,NIS America,Nippon Ichi Software,,0.01,2019.0,38.0
18955,Wordhunters,Misc,,PS4,Wired Productions,thumbfood Ltd.,,0.01,2018.0,19.0
19022,Mothergunship,Shooter,,PS4,Sold Out,Grip Games,,0.01,2018.0,20.055
19086,Gungrave VR,Shooter,RP,PS4,Xseed Games,IGGYMOB,,0.01,2018.0,25.52
19158,Zombie Vikings,Action,T,PS4,Rising Star Games,Zoink Games,,0.01,2016.0,18.27
19162,ATV Renegades,Racing,E,PS4,Nighthawk Interactive,Nighthawk Interactive,,0.01,2017.0,35.17
19164,Ziggurat,Shooter,T,PS4,Soedesco,Milkstone Studios,,0.01,2016.0,20.0
19313,V-Rally 4,Racing,E,PS4,Bigben Interactive,Kylotonn,,0.01,2018.0,29.095
19325,Moto Racer 4,Racing,,PS4,Microids,Microids,,0.01,2017.0,34.325
19335,Lock's Quest,Strategy,E10,PS4,THQ Nordic,5TH Cell,,0.01,2017.0,15.225
19409,Ketsui Deathtiny: Kizuna Jigoku Tachi,Action,,PS4,M2,M2,,0.01,2018.0,75.0
19524,Undertale,Role-Playing,,PS4,Toby Fox,Toby Fox,,0.01,2017.0,49.99
19567,Just Deal With It,Party,,PS4,Wired Productions,Wired Productions,,0.01,2018.0,11.93
19721,Hyper Light Drifter,Role-Playing,,PS4,Rebellion Games,Rebellion Games,,0.01,2016.0,65.11
19726,Teslagrad,Platform,,PS4,Rain Games,Rain Games,,0.01,2014.0,19.53
19814,Mega Man X Legacy Collection 2,Platform,,PS4,Capcom,Capcom,,0.01,2018.0,37.99
19841,RPG Maker MV,Misc,E10,PS4,NIS America,Kadokawa Games,,0.01,2019.0,35.88
