Rank,Name,Genre,ESRB_Rating,Platform,Publisher,Developer,Critic_Score,Global_Sales,Year
108,Grand Theft Auto V,Action,M,XOne,Rockstar Games,Rockstar North,9,8.72,2014
135,Call of Duty: Black Ops 3,Shooter,M,XOne,Activision,Treyarch,,7.37,2015
173,Call of Duty: WWII,Shooter,M,XOne,Activision,Sledgehammer Games,,6.23,2017
189,Red Dead Redemption 2,Action-Adventure,M,XOne,Rockstar Games,Rockstar Games,,5.77,2018
212,Minecraft,Misc,E10,XOne,Microsoft Studios,Mojang,,5.43,2014
230,Call of Duty: Advanced Warfare,Shooter,M,XOne,Activision,Sledgehammer Games,8.3,5.22,2014
239,Battlefield 1,Shooter,M,XOne,Electronic Arts,EA DICE,,5.13,2016
251,Fallout 4,Role-Playing,M,XOne,Bethesda Softworks,Bethesda Game Studios,8.4,5.03,2015
259,Halo 5: Guardians,Shooter,T,XOne,Microsoft Studios,343 Industries,8.6,,2015
272,Call of Duty: Black Ops IIII,Shooter,M,XOne,Activision,Treyarch,,4.85,2018
276,Call of Duty: Infinite Warfare,Shooter,M,XOne,Activision,Infinity Ward,,4.79,2016
349,Star Wars Battlefront (2015),Shooter,T,XOne,Electronic Arts,EA DICE,6.9,4.15,2015
408,FIFA 17,Sports,E,XOne,Electronic Arts,EA Canada,8.8,3.71,2016
425,Gears of War: Ultimate Edition,Shooter,M,XOne,Microsoft Studios,The Coalition,,3.62,2015
432,Assassin's Creed: Unity,Action,M,XOne,Ubisoft,Ubisoft Montreal,,3.58,2014
465,Halo: The Master Chief Collection,Shooter,M,XOne,Microsoft Studios,343 Industries,,3.44,2014
471,Destiny,Shooter,T,XOne,Activision,Bungie,8.3,3.41,2014
477,Gears of War 4,Shooter,M,XOne,Microsoft Studios,The Coalition,,3.38,2016
506,FIFA 16,Sports,E,XOne,EA Sports,EA Canada,8.5,3.25,2015
526,FIFA 18,Sports,E,XOne,EA Sports,EA Vancouver,8,3.14,2017
536,Titanfall,Shooter,M,XOne,Electronic Arts,Respawn Entertainment,,3.11,2014
545,Call of Duty: Ghosts,Shooter,M,XOne,Activision,Infinity Ward,7.5,3.07,2013
658,Overwatch,Shooter,T,XOne,Blizzard Entertainment,Blizzard Entertainment,8.7,2.72,2016
662,Tom Clancy's Rainbow Six: Siege,Shooter,M,XOne,Ubisoft,Ubisoft Montreal,,2.71,2015
696,Dead Rising 3,Action,M,XOne,Microsoft Studios,Capcom,,,2013
703,Tom Clancy's The Division,Shooter,M,XOne,Ubisoft,Massive Entertainment,,2.59,2016
736,Forza Horizon 3,Racing,E,XOne,Microsoft Studios,Playground Games,9,,2016
748,Assassin's Creed Origins,Action,M,XOne,Ubisoft,Ubisoft Montreal,,2.47,2017
755,Madden NFL 16,Sports,E,XOne,EA Sports,EA Tiburon,8.4,2.47,2015
760,Madden NFL 17,Sports,E,XOne,EA Sports,EA Tiburon,8.1,2.44,2016
775,NBA 2K16,Sports,E10,XOne,2K Sports,Visual Concepts,8.3,2.41,2015
779,Forza Motorsport 5,Racing,E,XOne,Microsoft Studios,Turn 10 Studios,,2.4,2013
809,Destiny 2,Shooter,T,XOne,Activision,Bungie,,2.35,2017
822,Assassin's Creed IV: Black Flag,Action,M,XOne,Ubisoft,Ubisoft Montreal,8.3,2.32,2013
871,FIFA 19,Sports,E,XOne,Electronic Arts,EA Sports,,2.22,2018
890,FIFA 15,Sports,E,XOne,EA Sports,EA Canada,7.9,2.19,2014
906,PlayerUnknown's Battlegrounds,Shooter,T,XOne,Microsoft Studios,PUBG Corporation,,2.17,2017
942,Battlefield 4,Shooter,M,XOne,Electronic Arts,EA DICE,,2.09,2013
991,NBA 2K17,Sports,E,XOne,2K Sports,Visual Concepts,8.8,2.04,2016
1002,NBA 2K18,Sports,E10,XOne,2K Sports,Visual Concepts,7.7,2.02,2017
1070,Star Wars Battlefront II (2017),Shooter,T,XOne,Electronic Arts,EA DICE,,1.92,2017
1077,Madden NFL 18,Sports,E,XOne,EA Sports,EA Tiburon,8.8,1.91,2017
1123,Forza Horizon 4,Racing,E,XOne,Microsoft Studios,Playground Games,9.2,1.84,2018
1131,The Elder Scrolls V: Skyrim Special Edition,Role-Playing,M,XOne,Bethesda Softworks,Bethesda Softworks,8.1,1.83,2016
1167,Far Cry 5,Action,M,XOne,Ubisoft,Ubisoft Montreal,7.2,1.78,2018
1202,Mortal Kombat X,Fighting,M,XOne,Warner Bros. Interactive Entertainment,NetherRealm Studios,,1.74,2015
1206,NBA 2K15,Sports,E,XOne,2K Sports,Visual Concepts,,1.74,2014
1208,The Witcher 3: Wild Hunt,Role-Playing,M,XOne,Warner Bros. Interactive Entertainment,CD Projekt Red Studio,,1.74,2015
1209,NBA 2K19,Sports,E,XOne,2K Sports,Visual Concepts,,1.74,2018
1271,Far Cry 4,Shooter,M,XOne,Ubisoft,Ubisoft Montreal,8.5,1.68,2014
1314,Watch Dogs,Action-Adventure,M,XOne,Ubisoft,Ubisoft Montreal,,1.64,2014
1345,Tom Clancy's Ghost Recon Wildlands,Shooter,M,XOne,Ubisoft,Ubisoft Paris,7.7,1.61,2017
1349,Madden NFL 15,Sports,E,XOne,EA Sports,EA Tiburon,,1.6,2014
1384,Batman: Arkham Knight,Action,M,XOne,Warner Bros. Interactive Entertainment,Rocksteady Studios,,1.58,2015
1413,Battlefield V,Shooter,M,XOne,Electronic Arts,EA DICE,,1.55,2018
1446,Forza Motorsport 7,Racing,E,XOne,Microsoft Studios,Turn 10 Studios,8.9,1.52,2017
1466,Madden NFL 19,Sports,,XOne,EA Sports,EA Tiburon,,1.51,2018
1475,ARK: Survival Evolved,Action-Adventure,T,XOne,Studio Wildcard,Studio Wildcard,,,2017
1530,Dying Light,Action,M,XOne,Warner Bros. Interactive Entertainment,Techland,,1.47,2016
1532,Ryse: Son of Rome,Action,M,XOne,Microsoft Studios,Crytek,,1.47,2013
1535,Forza Horizon 2,Racing,E10,XOne,Microsoft Studios,Playground Games,,1.46,2014
1559,Doom (2016),Shooter,,XOne,Bethesda Softworks,id Software,,1.45,2016
1564,Assassin's Creed Syndicate,Action,M,XOne,Ubisoft,Ubisoft Quebec,,1.44,2015
1587,Middle-Earth: Shadow of Mordor,Action,M,XOne,Warner Bros. Interactive Entertainment,Monolith Productions,,1.42,2014
1640,Assassin's Creed Odyssey,Action-Adventure,M,XOne,Ubisoft,Ubisoft Quebec,,1.39,2018
1647,Rocket League,Sports,E,XOne,505 Games,Psyonix Studios,8,1.38,2016
1650,The Elder Scrolls Online: Tamriel Unlimited,MMO,M,XOne,Bethesda Softworks,ZeniMax Online Studios,,1.38,2015
1655,Titanfall 2,Shooter,M,XOne,Electronic Arts,Respawn Entertainment,,1.37,2016
1701,Watch Dogs 2,Action,,XOne,Ubisoft,Ubisoft,,1.35,2016
1750,FIFA 14,Sports,E,XOne,EA Sports,EA Canada,,1.31,2013
1825,Destiny: The Taken King,Shooter,T,XOne,Activision,Bungie,,1.27,2015
1873,Battlefield: Hardline,Shooter,M,XOne,Electronic Arts,EA DICE,,1.24,2015
2006,Sunset Overdrive,Action,M,XOne,Microsoft Studios,Insomniac Games,8,1.16,2014
2045,Middle-Earth: Shadow of War,Action,M,XOne,Warner Bros. Interactive Entertainment,Monolith Productions,,1.15,2017
2046,Lego Marvel Super Heroes,Action,E10,XOne,Warner Bros. Interactive Entertainment,Traveller's Tales,,1.15,2013
2071,Final Fantasy XV,Role-Playing,T,XOne,Square Enix,Square Enix,,1.14,2016
2133,Mafia III,Action-Adventure,M,XOne,2K Games,Hangar 13,6.8,1.11,2016
2318,Diablo III: Ultimate Evil Edition,Role-Playing,M,XOne,Blizzard Entertainment,Blizzard Entertainment,,1.04,2014
2324,Resident Evil VII: Biohazard,Action,M,XOne,Capcom,Capcom,7.9,,2017
2367,Just Cause 3,Action-Adventure,M,XOne,Square Enix,Avalanche Studios,7,1.01,2015
2374,Dark Souls III,Role-Playing,M,XOne,Namco Bandai Games,From Software,,,2016
2385,Far Cry: Primal,Action-Adventure,M,XOne,Ubisoft,Ubisoft Montreal,7.8,1,2016
2407,Forza Motorsport 6,Racing,E,XOne,Microsoft Studios,Turn 10 Studios,,,2015
2420,Rise of the Tomb Raider,Adventure,T,XOne,Square Enix,Crystal Dynamics,,,2015
2455,Dragon Age: Inquisition,Role-Playing,M,XOne,Electronic Arts,BioWare Edmonton,,0.99,2014
2511,Sea of Thieves,Action-Adventure,T,XOne,Microsoft Studios,Rare Ltd.,6.9,0.96,2018
2575,NBA 2K14,Sports,E,XOne,2K Sports,Visual Concepts,,0.94,2013
2594,Fallout 76,Role-Playing,M,XOne,Bethesda Softworks,Bethesda Game Studios,5.1,0.93,2018
2609,Monster Hunter: World,Action,T,XOne,Capcom,Capcom,9.4,0.93,2018
2694,Injustice 2,Fighting,T,XOne,Warner Bros. Interactive Entertainment,NetherRealm Studios,,0.89,2017
2785,For Honor,Action,M,XOne,Ubisoft,Ubisoft Montreal,,0.87,2017
2788,Dead Rising 4,Action-Adventure,M,XOne,Microsoft Studios,Capcom,,,2016
2798,Dishonored 2,Action,,XOne,Bethesda Softworks,Arkane Studios,,0.86,2016
2801,Plants vs. Zombies: Garden Warfare 2,Shooter,E10,XOne,Electronic Arts,PopCap Games,,0.86,2016
2869,Madden NFL 25,Sports,E,XOne,EA Sports,EA Tiburon,7.1,0.83,2013
2879,Metal Gear Solid V: The Phantom Pain,Action,M,XOne,Konami Digital Entertainment,Kojima Productions,,0.83,2015
2897,Guitar Hero Live,Music,T,XOne,Activision,FreeStyleGames,,0.83,2015
3029,Shadow of the Tomb Raider,Action-Adventure,M,XOne,Square Enix,Eidos Montreal,,0.78,2018
3036,LEGO Jurassic World,Action,E10,XOne,Warner Bros. Interactive Entertainment,Traveller's Tales,,0.78,2015
3054,Rare Replay,Misc,M,XOne,Microsoft Studios,Rare Ltd.,,0.78,2015
3060,Mass Effect: Andromeda,Role-Playing,M,XOne,Electronic Arts,BioWare Corp.,,0.78,2017
3068,Minecraft: Story Mode,Adventure,E10,XOne,Mojang,Telltale Games,,0.77,2015
3086,Fortnite,Action,T,XOne,Gearbox Software,Epic Games,,0.77,2017
3144,Quantum Break,Action,M,XOne,Microsoft Studios,Remedy Entertainment,,0.76,2016
3150,Wolfenstein: The New Order,Shooter,M,XOne,Bethesda Softworks,MachineGames,,0.75,2014
3173,Rock Band 4,Music,T,XOne,Harmonix Music Systems,Harmonix Music Systems,,0.75,2015
3210,Need for Speed (2015),Racing,T,XOne,Electronic Arts,Ghost Games,6.7,0.74,2015
3233,The Sims 4,Simulation,T,XOne,Electronic Arts,Maxis,,0.73,2017
3239,Need for Speed: Payback,Racing,T,XOne,Electronic Arts,Ghost Games,5.9,0.73,2017
3286,LEGO Dimensions,Action,E10,XOne,Warner Bros. Interactive Entertainment,Traveller's Tales,,0.72,2015
3307,The Crew,Racing,T,XOne,Ubisoft,Ubisoft Reflections,,0.71,2014
3340,Plants vs Zombies: Garden Warfare,Shooter,E10,XOne,Electronic Arts,PopCap Games,7.6,0.71,2014
3368,Need for Speed Rivals,Racing,E10,XOne,Electronic Arts,Ghost Games,,0.7,2013
3377,Wolfenstein II: The New Colossus,Shooter,,XOne,Bethesda Softworks,MachineGames,,0.7,2017
3405,The Evil Within,Misc,M,XOne,Bethesda Softworks,Tango Gameworks,7.9,0.69,2014
3428,LEGO Worlds,Misc,,XOne,Warner Bros. Interactive Entertainment,Traveller's Tales,,0.69,2017
3439,Borderlands: The Handsome Collection,Shooter,,XOne,2K Games,Gearbox Software,,0.68,2015
3505,Evolve,Shooter,M,XOne,2K Games,Turtle Rock Studios,,0.67,2015
3522,WWE 2K18,Sports,,XOne,2K Sports,Yuke's,,0.66,2017
3561,Tomb Raider: Definitive Edition,Action-Adventure,M,XOne,Square Enix,Crystal Dynamics,,0.66,2014
3564,Spyro Reignited Trilogy,Platform,,XOne,Activision,Toys for Bob,,0.65,2018
3573,The LEGO Movie Videogame,Action-Adventure,E10,XOne,Warner Bros. Interactive Entertainment,TT Fusion,,0.65,2014
3584,Crash Bandicoot N. Sane Trilogy,Platform,E10,XOne,Activision,Vicarious Visions,,0.65,2018
3667,WWE 2K16,Sports,T,XOne,Take-Two Interactive,Yuke's,,0.63,2015
3713,Kinect Sports Rivals,Sports,E10,XOne,Microsoft Studios,Rare Ltd.,,0.62,2014
3738,South Park: The Fractured But Whole,Role-Playing,M,XOne,Ubisoft,Ubisoft San Francisco,,0.62,2017
3782,WWE 2K15,Sports,T,XOne,2K Sports,Visual Concepts,,0.61,2014
3805,EA Sports UFC 2,Sports,T,XOne,EA Sports,EA Canada,,0.61,2016
3855,NHL 17,Sports,,XOne,EA Sports,EA Canada,,0.6,2016
3958,Tekken 7,Fighting,T,XOne,Namco Bandai Games,Namco Bandai Games,,0.58,2017
4033,LEGO Marvel Super Heroes 2,Action,E10,XOne,Warner Bros. Interactive Entertainment,Traveller's Tales,,0.57,2017
4063,WWE 2K17,Sports,T,XOne,2K Games,Yuke's,,0.57,2016
4180,Disney Infinity 2.0: Marvel Super Heroes,Action-Adventure,E10,XOne,Disney Interactive Studios,Avalanche Software,,0.55,2014
4269,Just Dance 2015,Music,E10,XOne,Ubisoft,Ubisoft Paris,8.1,0.54,2014
4402,Dragon Ball FighterZ,Fighting,T,XOne,Namco Bandai Games,Arc System Works,,0.52,2018
4425,Alien: Isolation,Adventure,M,XOne,Sega,Creative Assembly,,0.52,2014
4467,Halo Wars 2,Strategy,T,XOne,Microsoft Studios,Creative Assembly,,0.51,2017
4514,NHL 16,Sports,,XOne,EA Sports,EA Canada,,0.51,2015
4569,Lego Star Wars: The Force Awakens,Action-Adventure,E10,XOne,Warner Bros. Interactive Entertainment,TT Fusion,,0.5,2016
4581,Mad Max (2013),Action,M,XOne,Warner Bros. Interactive Entertainment,Avalanche Studios,,0.5,2015
4704,LEGO Marvel's Avengers,Action,E10,XOne,Warner Bros. Interactive Entertainment,Traveller's Tales,,0.48,2016
4707,WWE 2K19,Fighting,,XOne,2K Sports,Visual Concepts,,0.48,2018
4718,Zoo Tycoon (2013),Simulation,E,XOne,Microsoft Studios,Frontier Developments,,0.48,2013
4736,Steep,Sports,,XOne,Ubisoft,Ubisoft Annecy,,0.48,2016
4742,Thief,Action,M,XOne,Square Enix,Eidos Montreal,,0.48,2014
4759,Just Dance 2014,Music,E10,XOne,Ubisoft,Ubisoft Paris,,0.48,2013
4760,EA Sports UFC,Fighting,T,XOne,Electronic Arts,EA Canada,,0.48,2014
4762,BioShock: The Collection,Shooter,M,XOne,2K Games,"Blind Squirrel Digital, Inc",,0.48,2016
4791,Dragon Ball: Xenoverse 2,Action,T,XOne,Namco Bandai Games,Dimps Corporation,,0.47,2016
4868,Disney Infinity 3.0,Action,E,XOne,Disney Interactive Studios,Avalanche Software,,0.46,2015
4897,State of Decay 2,Action-Adventure,M,XOne,Microsoft Studios,Undead Labs,7,0.46,2018
5008,Prey (2017),Shooter,M,XOne,Bethesda Softworks,Arkane Studios,,0.45,2017
5020,Skylanders: Trap Team,Platform,E10,XOne,Activision,Toys for Bob,,0.45,2014
5068,Lego Batman 3: Beyond Gotham,Action,E10,XOne,Warner Bros. Interactive Entertainment,Traveller's Tales,,0.44,2014
5087,EA Sports UFC 3,Sports,T,XOne,EA Sports,EA Vancouver,,0.44,2018
5194,Rocksmith 2014,Music,T,XOne,Ubisoft,Ubisoft San Francisco,9,0.43,2016
5224,Sniper Elite III,Shooter,M,XOne,505 Games,Rebellion Developments,,0.43,2014
5238,Hello Neighbor,Action,E10,XOne,Gearbox Software,Dynamic Pixels,,0.42,2017
5284,NHL 15,Sports,E10,XOne,EA Sports,EA Canada,,0.42,2014
5402,Project CARS,Racing,E,XOne,Bandai Namco Games,Slightly Mad Studios,,0.41,2015
5447,Destiny: The Collection,Shooter,T,XOne,Activision,Bungie,,0.41,2016
5464,Skylanders: SuperChargers,Action-Adventure,E10,XOne,Activision,Vicarious Visions,,0.4,2015
5597,Deus Ex: Mankind Divided,Role-Playing,M,XOne,Square Enix,Eidos Montreal,,0.39,2016
5602,NHL 18,Sports,,XOne,EA Sports,EA Canada,,0.39,2017
5632,The Evil Within 2,Action,M,XOne,Bethesda Softworks,Tango Gameworks,,0.39,2017
5719,Rayman Legends,Platform,E10,XOne,Ubisoft,Ubisoft Montpellier,,0.38,2014
5740,Just Dance 2016,Music,E10,XOne,Ubisoft,Ubisoft Paris,,0.38,2015
6027,Skylanders SWAP Force,Misc,,XOne,Activision,Unknown,,0.35,2013
6088,Naruto Shippuden: Ultimate Ninja Storm 4,Fighting,T,XOne,Namco Bandai Games,CyberConnect2,,0.35,2016
6090,Dragon Ball: Xenoverse,Fighting,T,XOne,Namco Bandai Games,Dimps Corporation,,0.35,2015
6128,Marvel vs. Capcom: Infinite,Fighting,T,XOne,Capcom,Capcom,,0.34,2017
6136,Just Dance 2017,Music,E10,XOne,Ubisoft,Ubisoft Paris,,0.34,2016
6249,The Lego Ninjago Movie Videogame,Action,E10,XOne,Warner Bros. Interactive Entertainment,Traveller's Tales,,0.33,2017
6284,The Crew 2,Racing,T,XOne,Ubisoft,Ivory Tower,,0.33,2018
6324,Farming Simulator 17,Simulation,E,XOne,Focus Home Interactive,Giants Software,,0.33,2016
6415,LEGO The Incredibles,Action,E10,XOne,Warner Bros. Interactive Entertainment,Traveller's Tales,,0.32,2018
6466,Farming Simulator 19,Simulation,E,XOne,Focus Home Interactive,Giants Software,,0.32,2018
6532,METRO Redux,Shooter,M,XOne,Deep Silver,4a-games,,0.31,2014
6602,Hitman,Action,M,XOne,Square Enix,IO Interactive,,0.31,2017
6720,LEGO City Undercover,Platform,E10,XOne,Warner Bros. Interactive Entertainment,TT Fusion,,0.3,2017
6733,SoulCalibur VI,Fighting,T,XOne,Bandai Namco Games,Project Soul,,0.3,2018
6754,LEGO DC Super-Villains,Action-Adventure,,XOne,Warner Bros. Interactive Entertainment,Traveller's Tales,,0.3,2018
6757,Final Fantasy Type-0 HD,Role-Playing,M,XOne,Square Enix,Square Enix,,0.3,2015
6799,Sniper Elite 4,Shooter,M,XOne,Rebellion Developments,Rebellion Developments,,0.3,2017
6869,NHL 19,Sports,,XOne,EA Sports,EA Canada,,0.29,2018
6969,Just Cause 4,Action-Adventure,M,XOne,Square Enix,Avalanche Studios,,0.29,2018
6975,Sonic Forces,Platform,E10,XOne,Sega,Sonic Team,,0.29,2017
7009,Dark Souls II: Scholar of the First Sin,Role-Playing,,XOne,Namco Bandai Games,From Software,,0.28,2015
7106,Battleborn,Shooter,,XOne,2K Games,Gearbox Software,,0.28,2016
7135,Rory McIlroy PGA Tour,Sports,E,XOne,Electronic Arts,EA Tiburon,,0.28,2015
7187,Assassin's Creed The Ezio Collection,Action,,XOne,Ubisoft,Ubisoft,,0.27,2016
7191,LEGO The Hobbit,Action-Adventure,E10,XOne,Warner Bros. Interactive Entertainment,Traveller's Tales,,0.27,2014
7196,Metal Gear Solid V: Ground Zeroes,Action-Adventure,M,XOne,Konami Digital Entertainment,Kojima Productions,7.7,0.27,2014
7321,Minecraft: Story Mode - Season Two,Adventure,E10,XOne,Telltale Games,Telltale Games,,0.27,2017
7329,Skylanders Imaginators,Platform,E10,XOne,Activision,Toys for Bob,,0.27,2016
7373,Friday the 13th: The Game,Action,M,XOne,Gun Media,IllFonic,,0.27,2017
7382,Mega Man Legacy Collection,Platform,E,XOne,Capcom,Digital Eclipse Software,,,2015
7511,Jurassic World Evolution,Simulation,,XOne,Frontier Developments,Frontier Developments,,0.26,2018
7560,ReCore,Action-Adventure,T,XOne,Microsoft Studios,Armature Studio,,0.26,2016
7582,F1 2015,Racing,,XOne,Codemasters,Codemasters Birmingham,,0.25,2015
7604,L.A. Noire,Adventure,M,XOne,Rockstar Games,Team Bondi,,0.25,2017
7677,Trials Fusion,Racing,E10,XOne,Ubisoft,RedLynx,,0.25,2015
7830,Call of Duty: Modern Warfare Remastered,Shooter,M,XOne,Activision,Infinity Ward,,0.24,2017
7848,Zumba Fitness: World Party,Misc,E,XOne,Majesco Entertainment,Zoe Mode,,0.24,2013
7873,Saints Row IV: Re-Elected,Action,M,XOne,Deep Silver,Volition Inc.,,0.24,2015
7881,Farming Simulator 2015,Simulation,E,XOne,Focus Home Interactive,Giants Software,,0.24,2015
7951,A Way Out,Action,M,XOne,Electronic Arts,Hazelight,8.1,0.24,2018
7958,NBA Live 14,Sports,E,XOne,EA Sports,EA Tiburon,,0.24,2013
8007,Payday 2,Shooter,M,XOne,505 Games,Overkill Software,,0.23,2015
8200,No Man's Sky,Action-Adventure,T,XOne,505 Games,Hello Games,,0.23,2018
8217,DiRT 4,Racing,T,XOne,Deep Silver,Codemasters,,0.23,2017
8254,NBA Live 15,Sports,E,XOne,Electronic Arts,EA Tiburon,,0.22,2014
8280,F1 2016,Racing,,XOne,Codemasters,Codemasters,,0.22,2016
8313,Deadpool,Action,M,XOne,Activision,High Moon Studios,,0.22,2015
8325,The Amazing Spider-Man 2 (2014),Action-Adventure,T,XOne,Activision,Beenox,,0.22,2014
8333,Kingdom Come: Deliverance,Role-Playing,M,XOne,Deep Silver,Warhorse Studios,,0.22,2018
8354,LEGO Harry Potter Collection,Action,E10,XOne,Warner Bros. Interactive Entertainment,Traveller's Tales,,0.22,2018
8367,Lords of the Fallen,Role-Playing,M,XOne,Namco Bandai Games,DECK13 Interactive,,0.22,2014
8368,Hitman 2,Action-Adventure,M,XOne,Warner Bros. Interactive Entertainment,IO Interactive,,0.22,2018
8427,Super Lucky's Tale,Platform,E,XOne,Microsoft Studios,Playful Corp.,6.5,0.22,2017
8441,DiRT Rally,Racing,,XOne,Codemasters,Codemasters,,0.21,2016
8499,Just Dance 2018,Music,E10,XOne,Ubisoft,Ubisoft Paris,,0.21,2017
8504,Homefront: The Revolution,Shooter,M,XOne,Deep Silver,Dambuster Studios,,0.21,2016
8596,State of Decay: Year One Survival Edition,Action-Adventure,M,XOne,Microsoft Studios,Undead Labs,,0.21,2015
8635,NBA Live 18,Sports,E,XOne,EA Sports,EA Sports,,0.21,2017
8643,theHunter: Call of the Wild,Shooter,T,XOne,THQ Nordic,Expansive Worlds,,0.21,2017
8828,Sleeping Dogs: Definitive Edition,Action-Adventure,M,XOne,Square Enix,United Front Games,7.5,0.2,2014
8829,Project CARS 2,Racing,,XOne,Namco Bandai Games,Slightly Mad Studios,,0.2,2017
8918,Batman: Return to Arkham,Action,T,XOne,Warner Bros. Interactive Entertainment,Rocksteady Studios,,0.2,2016
8963,Dishonored: Definitive Edition,Action,M,XOne,Bethesda Softworks,Arkane Studios,,0.19,2015
8967,One Piece: Burning Blood,Fighting,T,XOne,Namco Bandai Games,Spike Chunsoft,,0.19,2016
9125,Fantasia: Music Evolved,Music,E10,XOne,Disney Interactive Studios,Harmonix Music Systems,,0.19,2014
9172,Mirror's Edge Catalyst,Platform,T,XOne,Electronic Arts,EA DICE,,0.19,2016
9223,Naruto to Boruto: Shinobi Striker,Action,T,XOne,Bandai Namco Games,Soleil Software Studio Inc.,,0.19,2018
9224,XCOM 2,Strategy,T,XOne,2K Games,Firaxis Games,,0.19,2016
9230,F1 2017,Racing,E,XOne,Deep Silver,Codemasters,,0.19,2017
9257,Shape Up,Sports,E,XOne,Ubisoft,Ubisoft Montreal,,0.18,2014
9435,Cities: Skylines,Simulation,E,XOne,Koch Media,Colossal Order,,0.18,2017
9465,Sniper: Ghost Warrior 3,Shooter,M,XOne,City Interactive,City Interactive,,0.18,2017
9502,Project Spark,Misc,E10,XOne,Microsoft Studios,Team Dakota,,0.17,2014
9564,Rush: A Disney Pixar Adventure,Adventure,E10,XOne,Microsoft Studios,Asobo Studio,,0.17,2017
9699,Fighter Within,Fighting,T,XOne,Ubisoft,Daoka,,0.17,2013
9764,F1 2018,Racing,E,XOne,Codemasters,Codemasters Birmingham,,0.17,2018
9781,Murdered: Soul Suspect,Action-Adventure,M,XOne,Square Enix,Airtight Games,,0.17,2014
9818,Pac-Man Championship Edition 2 + Arcade Game Series,Action,E,XOne,Namco Bandai Games,Namco Bandai Games,,0.16,2016
9883,Angry Birds: Star Wars,Puzzle,E,XOne,Activision,Exient Entertainment,,0.16,2013
9907,Little Nightmares,Platform,T,XOne,Namco Bandai Games,Tarsier Studios,,0.16,2017
10031,The Walking Dead: Season One,Adventure,,XOne,Telltale Games,Telltale Games,,0.16,2014
10044,Bendy and the Ink Machine,Puzzle,T,XOne,Rooster Teeth Games,TheMeatly Games,,0.16,2018
10170,Wolfenstein: The Old Blood,Shooter,M,XOne,Bethesda Softworks,MachineGames,8,0.15,2015
10173,Just Dance 2019,Music,E,XOne,Ubisoft,Ubisoft Paris,,0.15,2018
10261,Pro Evolution Soccer 2015,Sports,E,XOne,Konami Digital Entertainment,PES Productions,,0.15,2014
10265,Transformer: Rise of the Dark Spark,Shooter,T,XOne,Activision,Edge of Reality,,0.15,2014
10308,NBA Live 19,Sports,,XOne,Electronic Arts,EA Tiburon,,0.15,2018
10345,The Escapists 2,Action,T,XOne,Sold Out,Team17 Software,,0.15,2017
10346,Transformers: Devastation,Action,T,XOne,Activision,PlatinumGames,,0.15,2015
10389,Spintires: MudRunner,Simulation,E,XOne,Focus Home Interactive,Saber Interactive,,0.15,2017
10443,DmC Devil May Cry: Definitive Edition,Action,M,XOne,Capcom,QLOC,,0.15,2015
10444,Attack on Titan,Action,M,XOne,Tecmo Koei,Omega Force,,0.15,2016
10533,Tony Hawk's Pro Skater 5,Sports,T,XOne,Activision,Robomodo,,0.14,2015
10555,Naruto Shippuden: Ultimate Ninja Storm Legacy,Fighting,,XOne,Namco Bandai Games,CyberConnect2,,0.14,2017
10667,The Walking Dead: Season Two,Misc,,XOne,Telltale Games,Unknown,,0.14,2014
10730,Resident Evil: Revelations 2,Action,M,XOne,Capcom,Capcom,,0.14,2015
10736,Dishonored: Death of the Outsider,Action,M,XOne,Bethesda Softworks,Arkane Studios,,0.14,2017
10756,Ultimate Marvel vs. Capcom 3,Fighting,,XOne,Capcom,Capcom,,0.14,2017
10762,My Hero One's Justice,Fighting,T,XOne,Bandai Namco Entertainment,Byking,,0.14,2018
10832,The Elder Scrolls Online: Morrowind,MMO,M,XOne,Bethesda Softworks,ZeniMax Online Studios,,0.14,2017
10955,R.B.I. Baseball 18,Sports,,XOne,MLB Advanced Media,MLB Advanced Media,,0.13,2018
10992,Destiny 2: Forsaken,Shooter,,XOne,Activision,Bungie,,0.13,2018
11016,Hasbro Family Fun Pack,Misc,E10,XOne,Ubisoft,Ubisoft,,0.13,2015
11033,Rocksmith 2014 Edition Remastered,Music,T,XOne,Ubisoft,Ubisoft,,0.13,2016
11055,Song of the Deep,Action,,XOne,Insomniac Games,Insomniac Games,,0.13,2016
11105,NBA Live 16,Sports,E,XOne,EA Sports,EA Tiburon,,0.13,2015
11151,Outlast Trinity,Action,,XOne,Warner Bros. Interactive Entertainment,Red Barrels,,0.13,2017
11165,Sonic Mania,Platform,E,XOne,Sega,PagodaWest Games,,0.13,2017
11373,Dead by Daylight,Action,M,XOne,505 Games,Behaviour Interactive Inc.,,0.12,2017
11377,Darksiders III,Action,M,XOne,THQ Nordic,Gunfire Games,,0.12,2018
11389,Vampyr,Role-Playing,M,XOne,Focus Home Interactive,DONTNOD Entertainment,,0.12,2018
11392,The Walking Dead - The Telltale Series: A New Frontier,Adventure,,XOne,Warner Bros. Interactive Entertainment,Telltale Games,,0.12,2017
11396,NASCAR Heat 2,Racing,E,XOne,704Games,Monster Games,,0.12,2017
11411,Life is Strange,Adventure,M,XOne,Square Enix,DONTNOD Entertainment,,0.12,2016
11456,Wolfenstein The Two Pack,Shooter,M,XOne,Bethesda Softworks,MachineGames,,0.12,2017
11462,The Surge,Action,M,XOne,Focus Home Interactive,DECK13 Interactive,,0.12,2017
11503,Naruto Shippuden Ultimate Ninja Storm 4: Road to Boruto,Fighting,T,XOne,Namco Bandai Games,CyberConnect2,,0.12,2017
11510,Pro Evolution Soccer 2016,Sports,E,XOne,Konami Digital Entertainment,PES Productions,,0.12,2015
11532,Pro Evolution Soccer 2018,Sports,E,XOne,Konami Digital Entertainment,Konami Digital Entertainment,,0.12,2017
11541,7 Days to Die,Action,M,XOne,Telltale Games,The Fun Pimps,,0.12,2016
11591,Zombie Army Trilogy,Shooter,M,XOne,Rebellion Developments,Rebellion Developments,,0.12,2015
11849,The Elder Scrolls Online: Summerset,MMO,M,XOne,Bethesda Softworks,ZeniMax Online Studios,,0.11,2018
11869,Prototype: Biohazard Bundle,Action,,XOne,Activision,Activision,,0.11,2016
11897,Ride,Racing,E,XOne,Milestone S.r.l.,Milestone S.r.l.,,0.11,2015
11925,Agents of Mayhem,Action,M,XOne,Deep Silver,Volition Inc.,,0.11,2017
12003,Burnout Paradise Remastered,Racing,E10,XOne,Electronic Arts,Stellar Entertainment,8,0.11,2018
12017,Metal Gear Solid V: The Definitive Experience,Action,M,XOne,Konami Digital Entertainment,Kojima Productions,,0.11,2016
12054,Killer Instinct (2013),Fighting,T,XOne,Microsoft Studios,Iron Galaxy,,0.11,2014
12135,Dark Souls: Remastered,Role-Playing,M,XOne,Bandai Namco Entertainment,From Software,8,0.11,2018
12302,MXGP 2,Racing,E,XOne,Milestone S.r.l,Milestone S.r.l.,,0.1,2016
12328,NASCAR Heat 3,Racing,,XOne,704Games,Monster Games,,0.1,2018
12352,Starlink: Battle for Atlas,Action-Adventure,E10,XOne,Ubisoft,Ubisoft Toronto,,0.1,2018
12402,NASCAR Heat Evolution,Racing,,XOne,Dusenberry Martin Racing,Monster Games,,0.1,2016
12458,TrackMania Turbo,Racing,E,XOne,Ubisoft,Nadeo,,0.1,2016
12466,Divinity: Original Sin,Role-Playing,,XOne,Focus Home Interactive,Larian Studios,,0.1,2015
12543,Sega Genesis Classics,Misc,T,XOne,Sega,Sega,,0.1,2018
12555,Dead or Alive 5 Last Round,Fighting,M,XOne,Tecmo Koei,Team Ninja,7.5,0.1,2015
12562,Pro Evolution Soccer 2017,Sports,E,XOne,Konami Digital Entertainment,PES Productions,,0.1,2016
12579,Resident Evil: Origins Collection,Action-Adventure,M,XOne,Capcom,Capcom,,0.1,2016
12587,Sword Art Online: Fatal Bullet,Role-Playing,T,XOne,Namco Bandai Games,Dimps Corporation,,0.1,2018
12630,Yooka-Laylee,Platform,E10,XOne,Sold Out,Playtonic Games,,0.1,2017
12631,Real Farm,Simulation,E,XOne,Soedesco,Triangle Studios,,0.1,2017
12638,Slime Rancher,Simulation,E10,XOne,Skybound Games,Monomi Park,,0.1,2018
12657,Nickelodeon Kart Racers,Racing,E,XOne,GameMill Entertainment,Solutions 2 Go,,0.09,2018
12668,We Happy Few,Action-Adventure,M,XOne,Gearbox Software,Compulsion Games,,0.09,2018
12669,Duke Nukem 3D: 20th Anniversary World Tour,Shooter,M,XOne,Gearbox Software,Gearbox Software,,0.09,2016
12938,Life Is Strange: Before the Storm,Adventure,M,XOne,Square Enix,Deck Nine,,0.09,2018
12953,The Wolf Among Us,Adventure,,XOne,Telltale Games,Telltale Games,,0.09,2014
12989,Attack on Titan 2,Action,M,XOne,Koei Tecmo,Omega Force,7,0.09,2018
13018,Rugby 15,Sports,E,XOne,Maximum Games,HB Studios,,0.09,2015
13049,MXGP 3: The Official Motocross Videogame,Racing,E,XOne,Milestone,Milestone,,0.09,2017
13091,Bladestorm: Nightmare,Action,T,XOne,Tecmo Koei,Omega Force,,0.08,2015
13107,Monster Energy Supercross - The Official Videogame,Racing,E,XOne,Milestone S.r.l.,Milestone S.r.l.,,0.08,2018
13108,America's Greatest Game Shows: Wheel of Fortune & Jeopardy!,Misc,E,XOne,Ubisoft,Ubisoft,,0.08,2017
13137,TT Isle of Man: Ride on the Edge,Racing,E,XOne,Big Ben Interactive,Kylotonn,,0.08,2018
13160,Dead Island Definitive Collection,Action,,XOne,Deep Silver,Techland,,0.08,2016
13161,Ride 2,Racing,E,XOne,Milestone S.r.l,Milestone S.r.l.,,0.08,2017
13178,Elite: Dangerous,Simulation,T,XOne,Frontier Developments,Frontier Developments,,0.08,2017
13187,Just Dance: Disney Party 2,Music,E,XOne,Ubisoft,Ubisoft San Francisco,,0.08,2015
13255,Bulletstorm: Full Clip Edition,Shooter,M,XOne,Gearbox Software,People Can Fly,,0.08,2017
13330,Micro Machines: World Series,Racing,,XOne,Codemasters,Codemasters,,0.08,2017
13345,Darksiders II: Deathinitive Edition,Action-Adventure,M,XOne,Nordic Games,Gunfire Games,7.5,0.08,2015
13346,Dynasty Warriors 9,Action,T,XOne,Tecmo Koei,Omega Force,,0.08,2018
13361,Sherlock Holmes: Crimes & Punishments,Adventure,M,XOne,Focus Home Interactive,Frogwares,,0.08,2014
13400,Overcooked! 2,Simulation,,XOne,Sold Out,Ghost Town Games,,0.08,2018
13449,MX vs ATV All Out,Racing,E10,XOne,THQ Nordic,Rainbow Studios,,0.08,2018
13450,Toy Soldiers: War Chest,Action,T,XOne,Ubisoft,Signal Studios,,0.08,2015
13495,BlazBlue: Chrono Phantasma Extend,Fighting,T,XOne,Arc System Works,Arc System Works,,0.08,2015
13603,Metal Gear Survive,Action,M,XOne,Konami Digital Entertainment,Konami Digital Entertainment,,0.08,2018
13611,Shovel Knight,Platform,E,XOne,Yacht Club Games,Yacht Club Games,,,2015
13644,The Golf Club,Sports,E,XOne,Maximum Games,HB Studios,,0.07,2015
13688,Batman: A Telltale Game Series,Adventure,M,XOne,Telltale Games,Telltale Games,,0.07,2016
13690,Constructor HD,Strategy,,XOne,Deep Silver,System 3,,0.07,2017
13717,Teenage Mutant Ninja Turtles: Mutants in Manhattan,Action,T,XOne,Activision,PlatinumGames,,0.07,2016
13832,Valentino Rossi: The Game,Racing,,XOne,Namco Bandai Games,Milestone S.r.l.,,0.07,2016
13873,Disneyland Adventures,Action-Adventure,E10,XOne,Microsoft Studios,Asobo Studio,,0.07,2017
13915,Shenmue I & II,Action-Adventure,T,XOne,Sega,Sega,,0.07,2018
13917,Dynasty Warriors 8: Empires,Action,,XOne,Tecmo Koei,Omega Force,,0.07,2015
13969,Subnautica,Adventure,,XOne,Gearbox Software,Unknown Worlds Entertainment,,0.07,2018
14040,Resident Evil 6,Shooter,M,XOne,Capcom,Capcom,,0.07,2016
14042,Street Fighter 30th Anniversary Collection,Fighting,T,XOne,Capcom,Capcom,,0.07,2018
14057,Ghostbusters (2016),Action,E10,XOne,Activision,FireForge Games,,0.07,2016
14131,Hello Neighbor: Hide & Seek,Adventure,T,XOne,Gearbox Software,Dynamic Pixels,,0.07,2018
14175,R.B.I. Baseball 2017,Sports,E,XOne,MLB.com,MLB.com,,0.07,2017
14176,Spintires: MudRunner - American Wilds,Racing,E,XOne,Focus Home Interactive,Saber Interactive,,0.07,2018
14225,Aven Colony,Strategy,E10,XOne,Sold Out,Mothership Entertainment,,0.06,2017
14230,Adventure Time: Finn & Jake Investigations,Action,E10,XOne,Little Orbit,Vicious Cycle,,0.06,2015
14287,Atari Flashback Classics: Volume 1,Misc,,XOne,Atari,Atari,,0.06,2016
14302,MotoGP 17,Racing,E,XOne,Koch Media,Milestone S.r.l.,,0.06,2017
14325,Mega Man 11,Platform,,XOne,Capcom,Capcom,,0.06,2018
14378,Wasteland 2,Role-Playing,,XOne,Deep Silver,InXile Entertainment,,0.06,2015
14384,Conan Exiles,Action-Adventure,,XOne,Maximum Games,Funcom Oslo A/S,,0.06,2018
14400,MX vs ATV Supercross Encore 2017 Track Edition,Racing,E,XOne,THQ Nordic,Rainbow Studios,,0.06,2017
14418,NBA 2K Playgrounds 2,Sports,,XOne,2K Games,Saber Interactive,,0.06,2018
14442,Cartoon Network Battle Crashers,Action,E10,XOne,GameMill,Magic Pockets,,0.06,2016
14461,Hasbro Family Fun Pack Conquest Edition,Misc,,XOne,Ubisoft,Ubisoft,,0.06,2016
14473,Sherlock Holmes: The Devil's Daughter,Adventure,T,XOne,Bigben Interactive,Bigben Interactive,,0.06,2016
14487,MX vs. ATV Supercross Encore,Sports,E,XOne,Nordic Games,Rainbow Studios,,0.06,2015
14506,Killing Floor 2,Shooter,M,XOne,Tripwire Interactive,Tripwire Interactive,,0.06,2017
14540,R.B.I. Baseball 2016,Sports,E,XOne,MLB.com,MLB.com,,0.06,2016
14575,Okami HD,Action,T,XOne,Capcom,Clover Studio,,0.06,2017
14637,Rapala Fishing Pro Series,Simulation,E,XOne,GameMill,"Concrete Software, Inc.",,0.06,2017
14655,Arslan: The Warriors of Legend,Action,T,XOne,Tecmo Koei,Koei Tecmo Games,,0.06,2016
14672,Golf Club 2,Sports,E,XOne,Maximum Games,HB Studios,,0.06,2017
14677,Mark McMorris Infinite Air,Sports,T,XOne,Maximum Games,HB Studios,,0.06,2016
14764,Atari Flashback Classics: Volume 2,Misc,E,XOne,Atari,Atari,,0.06,2016
14791,Hunting Simulator,Shooter,T,XOne,Bigben Interactive,Maximum Games,,0.06,2017
14808,Styx: Shards of Darkness,Action,M,XOne,Focus Home Interactive,Cyanide Studio,,0.06,2017
14827,The Invisible Hours,Adventure,T,XOne,Tequila Works,Tequila Works,,0.05,2018
14852,Marvel's Guardians of the Galaxy: The Telltale Series,Adventure,T,XOne,Warner Bros. Interactive Entertainment,Telltale Games,,0.05,2017
14875,Call of Cthulhu,Role-Playing,M,XOne,Focus Home Interactive,Cyanide,,0.05,2018
14895,Baja: Edge of Control HD,Racing,E,XOne,THQ Nordic,2XL Games,,0.05,2017
14957,The Long Dark,Simulation,T,XOne,Skybound Games,Hinterland Studio Inc.,,0.05,2018
14982,Pro Evolution Soccer 2019,Sports,E,XOne,Konami,Konami,,0.05,2018
14990,Strange Brigade,Shooter,,XOne,Rebellion Developments,Rebellion Developments,,0.05,2018
15011,Agatha Christie's The ABC Murders,Adventure,T,XOne,Unfinished Pixel,Artefacts Studio,,0.05,2016
15041,Brothers: A Tale of Two Sons,Adventure,T,XOne,505 Games,Starbreeze Studios,,0.05,2015
15093,Golf Club 2019,Sports,,XOne,2K Games,HB Studios,,0.05,2018
15120,The Banner Saga Trilogy - Bonus Edition,Strategy,,XOne,505 Games,Stoic Studio,,0.05,2018
15124,The Walking Dead: A Telltale Series Collection,Adventure,,XOne,Warner Bros. Interactive Entertainment,Telltale Games,,0.05,2017
15173,Rugby 18,Sports,E,XOne,Koch Media,EKO Software,,0.05,2017
15175,Has-Been Heroes,Action,,XOne,GameTrust,Frozenbyte,,0.05,2017
15180,Deformers,Action,,XOne,Ready at Dawn,Ready at Dawn,,0.05,2017
15188,Extinction,Action,M,XOne,Maximum Games,Iron Galaxy,,0.05,2018
15214,Resident Evil 4,Action-Adventure,M,XOne,Capcom,Capcom,,0.05,2016
15229,The Technomancer,Role-Playing,M,XOne,Focus Home Interactive,Spiders,,0.05,2016
15237,Surviving Mars,Simulation,,XOne,Maximum Games,Haemimont Games,,0.05,2018
15242,Cars 3: Driven to Win,Racing,E10,XOne,Warner Bros. Interactive Entertainment,Avalanche Software,,0.05,2017
15257,Red Faction: Guerrilla Re-Mars-tered,Shooter,,XOne,THQ Nordic,Volition,,0.05,2018
15320,Pillars of Eternity,Role-Playing,M,XOne,Paradox Interactive,Obsidian Entertainment,,0.05,2017
15335,Just Sing,Music,E10,XOne,Ubisoft,Ubisoft,,0.05,2016
15336,Carnival Games,Party,E10,XOne,2K Games,Cat Daddy Games,,0.05,2018
15349,Mighty No. 9,Platform,E10,XOne,Eidos Interactive Ltd,Comcept,,0.05,2015
15359,Batman: The Enemy Within,Adventure,M,XOne,Telltale Games,Telltale Games,,0.05,2017
15364,WRC 7,Racing,E,XOne,Bigben Interactive,Kylotonn Entertainment,,0.05,2017
15403,King's Quest: The Complete Collection,Adventure,E10,XOne,Activision,The Odd Gentlemen,,0.05,2016
15407,Fishing Sim World,Simulation,E,XOne,Dovetail Games,Dovetail Games,,0.05,2018
15414,Ashes Cricket,Sports,,XOne,Koch Media,Big Ant Studios,,0.05,2017
15421,Marvel Pinball: Epic Collection Volume 1,Puzzle,E10,XOne,Nighthawk Interactive,Nighthawk Interactive,,0.05,2016
15425,Atari Flashback Classics: Volume 3,Misc,,XOne,Funbox Media,Atari,,0.05,2018
15451,Gravel,Racing,,XOne,Milestone S.r.l.,Milestone S.r.l,,0.05,2018
15565,Road Rage,Racing,,XOne,Maximum Games,Team 6 Games Studio,,0.04,2017
15606,Devil May Cry HD Collection,Action,,XOne,Capcom,Capcom,,0.04,2018
15618,Paw Patrol on a Roll,Platform,E,XOne,Outright Games,Outright Games,,0.04,2018
15652,Dragon's Dogma: Dark Arisen,Role-Playing,M,XOne,Capcom,Capcom,,0.04,2017
15661,Deer Hunter Reloaded,Shooter,,XOne,GameMill Entertainment,GameMill,,0.04,2017
15668,Overcooked,Action,E,XOne,Sold Out,Ghost Town Games,,0.04,2016
15681,Hotel Transylvania 3: Monsters Overboard,Action-Adventure,E10,XOne,Outright Games,Torus Games,,0.04,2018
15698,Resident Evil 5,Action,M,XOne,Capcom,Capcom,,0.04,2016
15704,Darksiders: Warmastered Edition,Action-Adventure,M,XOne,THQ Nordic,Kaiko,,0.04,2016
15717,Valkyria Revolution,Role-Playing,T,XOne,Sega,Media.Vision,,0.04,2017
15739,Adventure Time: Pirates of the Enchiridion,Adventure,E10,XOne,Outright Games,Outright Games,,0.04,2018
15805,Game of Thrones: A Telltale Games Series,Adventure,M,XOne,Telltale Games,Telltale Games,,0.04,2014
15828,Scribblenauts Mega Pack,Adventure,E10,XOne,Warner Bros. Interactive Entertainment,Shiver Games,,0.04,2018
15845,Terraria,Action,T,XOne,505 Games,Re-Logic,,0.04,2014
15863,Mega Man X Legacy Collection 1+2,Platform,,XOne,Capcom Entertainment,Digital Eclipse Software,,0.04,2018
15881,Elex,Role-Playing,M,XOne,THQ Nordic,Piranha Bytes,,0.04,2017
15899,Dark Souls Trilogy,Action,,XOne,Namco Bandai,From Software,,0.04,2018
15919,Battle Chasers: Nightwar,Role-Playing,T,XOne,THQ Nordic,Airship Syndicate,,0.04,2017
15921,Don't Starve: Giant Edition,Adventure,T,XOne,505 Games,Klei Entertainment,,0.04,2018
15950,Mutant Football League: Dynasty Edition,Sports,M,XOne,Nighthawk Interactive,Digital Dreams,,0.04,2018
15973,Dead Rising 2,Action,,XOne,Capcom,Capcom,,0.04,2016
15979,Don Bradman Cricket 14,Sports,,XOne,Tru Blu Entertainment,Big Ant Studios,,0.04,2015
15983,Shadows Awakening,Role-Playing,,XOne,Kalypso Media,Games Farm,,0.04,2018
16039,Monster Jam: Crush It,Racing,,XOne,GameMill,GameMill,,0.04,2017
16047,Shadow Warrior (2013),Shooter,M,XOne,Devolver Digital,Flying Wild Hog,,0.04,2014
16054,Dead Alliance,Shooter,M,XOne,Maximum Games,IllFonic,,0.04,2017
16081,Warriors Orochi 3,Action,T,XOne,Tecmo Koei,Omega Force,,0.04,2014
16125,Dead Rising,Action,,XOne,Capcom,Capcom Production Studio 1,,0.04,2016
16130,Assassin's Creed Rogue Remastered,Action-Adventure,,XOne,Ubisoft,Ubisoft,6,0.04,2018
16132,Valkyria Chronicles 4,Role-Playing,T,XOne,Sega,Sega,,0.04,2018
16223,Scribblenauts: Showdown,Platform,E10,XOne,Warner Bros. Interactive,Shiver Games,,0.04,2018
16268,Sine Mora EX,Action,M,XOne,THQ Nordic,Digital Reality,,0.04,2017
16274,Warriors Orochi 4,Action,T,XOne,Koei Tecmo,Omega Force,,0.04,2018
16286,Tennis World Tour,Sports,E,XOne,Bigben Interactive,Breakpoint Studio,,0.04,2018
16312,WRC 6,Racing,E,XOne,Namco Bandai Games,Bigben Interactive,,0.03,2017
16367,Onrush,Racing,,XOne,Deep Silver,Codemasters,,0.03,2018
16460,Earthfall,Action-Adventure,,XOne,Gearbox Software,Holospark,,0.03,2018
16481,Ride 3,Racing,E,XOne,Bandai Namco Entertainment,Milestone S.r.l.,,0.03,2018
16484,8-Bit Armies,Strategy,E10,XOne,Soedesco,Petroglyph Games,,0.03,2018
16490,Immortal Unchained,Role-Playing,,XOne,Sold Out,Toadman Interactive,,0.03,2018
16507,Railway Empire,Simulation,E,XOne,Kalypso Media,Gaming Minds Studios,,0.03,2018
16512,MXGP Pro,Racing,,XOne,Milestone S.r.l.,Milestone S.r.l.,,0.03,2018
16541,Black Mirror,Adventure,M,XOne,THQ Nordic,KING Art Games,,0.03,2017
16553,Pure Farming 2018,Simulation,E,XOne,Techland,Ice Flames,,0.03,2018
16606,World of Final Fantasy Maxima,Role-Playing,,XOne,Square Enix,Square Enix,,0.03,2018
16613,MotoGP 15,Racing,,XOne,Milestone S.r.l.,Milestone S.r.l.,,0.03,2015
16618,Raid: World War II,Shooter,M,XOne,505 Games,Lion Game Lion,,0.03,2017
16628,Train Sim World,Simulation,,XOne,Maximum Games,Dovetail Games,,0.03,2018
16666,Divinity: Original Sin II,Role-Playing,,XOne,Bandai Namco Entertainment,Larian Studios,,0.03,2018
16668,Super Bomberman R,Puzzle,E10,XOne,Konami Digital Entertainment,HexaDrive,,0.03,2018
16744,Carmageddon: Max Damage,Action,,XOne,Stainless Games,Stainless Games,,0.03,2017
16801,INSIDE / LIMBO Double Pack,Platform,,XOne,505 Games,Playdead,,0.03,2017
16899,Warhammer: The End Times - Vermintide,Action,M,XOne,Games Workshop,Fatshark,,0.03,2016
16943,Stardew Valley,Simulation,E10,XOne,505 Games,ConcernedApe,8.8,0.03,2017
16962,Shining Resonance Refrain,Role-Playing,T,XOne,Sega,Media.Vision,,0.03,2018
17017,Beast Quest,Action-Adventure,E10,XOne,Maximum Games,Torus Games,,0.03,2018
17027,Ben 10 (2017),Action,E10,XOne,Outright Games,Torus Games,,0.03,2017
17051,The Raven Remastered,Adventure,T,XOne,THQ Nordic,KING Art Games,,0.03,2018
17066,The Pillars of the Earth,Adventure,M,XOne,Kalypso Media,Daedalic Entertainment,,0.03,2017
17069,Hellblade: Senua's Sacrifice,Action-Adventure,M,XOne,Microsoft Studios,Ninja Theory,,0.03,2018
17100,Rime,Adventure,E10,XOne,Grey Box,Tequila Works,,0.03,2017
17339,Worms: WMD,Strategy,E10,XOne,Team17 Digital Ltd,Team17 Digital Ltd,,0.02,2016
17384,Syberia III,Adventure,T,XOne,Microids,Unknown,,0.02,2017
17402,Agony,Action-Adventure,,XOne,Maximum Games,Madmind Studio,,0.02,2018
17413,Moto Racer 4,Racing,,XOne,Microids,Microids,,0.02,2017
17417,Sudden Strike 4,Strategy,T,XOne,Kalypso Media,Kite Games,,0.02,2018
17449,Bridge Constructor Portal,Puzzle,,XOne,Nighthawk Interactive,ClockStone,,0.02,2018
17469,Rugby League Live 4,Sports,,XOne,Tru Blu Entertainment,Big Ant Studios,,0.02,2017
17473,ABZU,Adventure,E,XOne,505 Games,Giant Squid Studios,,0.02,2017
17476,Pharaonic,Action,M,XOne,Soedesco,Milkstone Studios,,0.02,2017
17479,ATV Drift & Tricks,Racing,E,XOne,Microids,Artefacts Studio,,0.02,2018
17485,Titan Quest,Action,T,XOne,THQ Nordic,THQ Nordic,,0.02,2018
17495,Geometry Wars 3: Dimensions Evolved,Action,,XOne,Activision,Unknown,,0.02,2016
17512,Override: Mech City Brawl,Action-Adventure,T,XOne,Modus Games,The Balance Inc,,0.02,2018
17513,Resident Evil: Revelations,Action,M,XOne,Capcom,Capcom,,0.02,2017
17527,Broken Sword 5: The Serpent's Curse,Adventure,M,XOne,Revolution Software,Revolution Software,,0.02,2015
17537,Rugby World Cup 2015,Sports,,XOne,Big Ben Interactive,HB Studios,,0.02,2015
17540,The Crew: Wild Run,Racing,T,XOne,Ubisoft,Ivory Tower,,0.02,2015
17570,Prison Architect,Simulation,M,XOne,Introversion Software,Introversion Software,,0.02,2016
17575,South Park: The Stick of Truth,Role-Playing,M,XOne,Ubisoft,Obsidian Entertainment,,0.02,2018
17609,The Dwarves,Role-Playing,,XOne,THQ Nordic,KING Art Games,,0.02,2016
17680,Big Buck Hunter Arcade,Shooter,T,XOne,GameMill,GameMill Entertainment,,0.02,2017
17700,8 to Glory: The Official Game of the PBR,Sports,E,XOne,THQ Nordic,Three Gates,,0.02,2018
17856,This Is the Police 2,Strategy,M,XOne,THQ Nordic,Weappy Studio,,0.02,2018
17883,Redout,Racing,E,XOne,505 Games,Nicalis,,0.02,2017
17888,Troll and I,Action,T,XOne,Maximum Games,Spiral House,,0.02,2017
17904,Portal Knights,Role-Playing,E10,XOne,505 Games,Keen Games,,0.02,2017
17918,Past Cure,Action,M,XOne,Phantom 8 Studio,Phantom 8 Studio,,0.02,2018
17960,Shaq-Fu: A Legend Reborn,Action,T,XOne,Wired Productions,Big Deez Productions,,0.02,2018
17962,Psycho-Pass: Mandatory Happiness,Visual Novel,,XOne,5pb,5pb. Inc.,,0.02,2015
18020,Space Hulk Tactics,Strategy,,XOne,Focus Home Interactive,Cyanide,,0.02,2018
18034,Tropico 5,Simulation,T,XOne,Kalypso Media,Haemimont Games,,0.02,2016
18037,Back to the Future: The Game,Adventure,T,XOne,Telltale Games,Telltale Games,,0.02,2015
18082,Saints Row: Gat out of Hell,Action,,XOne,Deep Silver,Volition Inc.,,0.02,2015
18089,Mega Man Legacy Collection 2,Action,E10,XOne,Capcom,Capcom,,0.02,2017
18105,Dungeons 3,Strategy,T,XOne,Kalypso Media,Realmforge Studios,,0.02,2017
18141,Rad Rodgers,Platform,,XOne,THQ Nordic,3D Realms,,0.02,2018
18178,Blackguards 2,Strategy,M,XOne,Kalypso Media,Daedalic Entertainment,,0.02,2017
18216,Rogue Trooper Redux,Shooter,T,XOne,Rebellion,TickTock Games,,0.02,2017
18225,"Warhammer 40,000: Inquisitor - Martyr",Action,M,XOne,Neocore Games,Neocore Games,,0.02,2018
18258,Vikings: Wolves of Midgard,Action,M,XOne,Kalypso Media,Games Farm,,0.02,2017
18377,The Inner World: The Last Wind Monk,Puzzle,E10,XOne,Kalypso Media,Studio Fizbin,,0.02,2017
18393,Assetto Corsa,Racing,E,XOne,505 Games,Kunos Simulazioni,6,0.02,2016
18410,Le Tour de France 2017,Simulation,,XOne,Focus Home Interactive,Cyanide Studio,,0.02,2017
18422,Crayola Scoot,Sports,E,XOne,Outright Games,Outright Games,,0.02,2018
18426,Lock's Quest,Strategy,E10,XOne,THQ Nordic,5TH Cell,,0.02,2017
18448,Dakar 18,Racing,,XOne,Deep Silver,Bigmoon Entertainment,,0.02,2018
18475,WRC 5: FIA World Rally Championship,Racing,E,XOne,Bigben Interactive,Kylotonn Entertainment,,0.02,2015
18479,Yoku's Island Express,Action,E10,XOne,Villa Gorilla,Villa Gorilla,9,0.02,2018
18579,FlatOut 4: Total Insanity,Racing,T,XOne,Strategy First,Kylotonn Entertainment,,0.01,2017
18588,Tempest 4000,Shooter,,XOne,Atari,Llamasoft,,0.01,2018
18687,Shadow Tactics: Blades of the Shogun,Strategy,M,XOne,Kalypso Media,Mimimi Productions,,0.01,2017
18736,The Town of Light,Adventure,,XOne,THQ Nordic,LKA,,0.01,2017
18762,Goat Simulator: The Bundle,Simulation,,XOne,Koch Media,Coffee Stain Studios,,0.01,2016
18795,Project Highrise: Architect's Edition,Simulation,E10,XOne,Kalypso Media,SomaSim,,0.01,2018
18890,Mothergunship,Shooter,,XOne,Sold Out,Grip Games,,0.01,2018
18934,Rugby League Live 3,Sports,,XOne,Tru Blu Entertainment,Big Ant Studios,,0.01,2015
19001,Assassin's Creed Chronicles,Action,T,XOne,Ubisoft,Climax Studios,,0.01,2016
19014,Sebastien Loeb Rally EVO,Racing,E,XOne,Square Enix,Milestone S.r.l,,0.01,2016
19028,Rugby Challenge 3,Sports,,XOne,Alternative Software,Wicked Witch Software,,0.01,2016
19031,Rabbids Invasion: The Interactive TV Show,Misc,E,XOne,Ubisoft,Ubisoft Paris,,0.01,2014
19036,Zombi,Action,M,XOne,Ubisoft,Ubisoft Montpellier,,0.01,2016
19094,This War of Mine,Action,,XOne,11 bit studios,11 bit studios,,0.01,2016
19183,Battle Worlds: Kronos,Strategy,E10,XOne,Nordic Games,KING Art Games,,0.01,2016
19241,ScreamRide,Simulation,E10,XOne,Microsoft Studios,Frontier Developments,,0.01,2015
19248,Torment: Tides of Numenera,Role-Playing,M,XOne,Techland,InXile Entertainment,,0.01,2017
19475,V-Rally 4,Racing,E,XOne,Bigben Interactive,Kylotonn,,0.01,2018
19531,Jagged Alliance: Rage!,Strategy,M,XOne,THQ Nordic,Cliffhanger Productions,,0.01,2018
19704,Ziggurat,Shooter,,XOne,Milkstone Studios,Milkstone Studios,,0.01,2015
19806,ATV Renegades,Racing,E,XOne,Nighthawk Interactive,Nighthawk Interactive,,0.01,2017
19851,This Is The Police,Simulation,M,XOne,THQ Nordic,Weappy Studio,,0.01,2017
19869,Valhalla Hills: Definitive Edition,Strategy,T,XOne,Kalypso Media,Daedalic Entertainment,,0,2017
19957,Handball 16,Sports,,XOne,Bigben Interactive,EKO Software,,0,2015
20079,Blood Bowl 2,Sports,T,XOne,Focus Home Interactive,Cyanide Studio,,0,2015
20090,The Peanuts Movie: Snoopy's Grand Adventure,Platform,E,XOne,Activision,Behaviour Interactive,,0,2015
20246,Farming 2017 - The Simulation,Simulation,,XOne,UIG Entertainment,UIG Entertainment,,0,2016
20273,Kung Fu Panda: Showdown of Legendary Legends,Action,E10,XOne,Little Orbit,Little Orbit,,0,2015
20773,Strider (2014),Platform,,XOne,Capcom,Double Helix Games,,0,2014
21262,#IDARB,Action,,XOne,Other Ocean Interactive,Other Ocean Interactive,,,2015
21597,A Boy and His Blob,Platform,,XOne,Unknown,WayForward Technologies,,,
21767,Ace Combat 7: Skies Unknown,Shooter,T,XOne,Bandai Namco Games,Namco Bandai Games,,,2019
21942,AereA,Role-Playing,E10,XOne,Soedesco,Triangle Studios,,,2017
21997,Afro Samurai 2,Action,,XOne,Versus Evil,Redacted Studios,,,2015
22040,Agatha Christie: The ABC Murders,Adventure,T,XOne,Microids,Artefacts Studios,,,2016
22174,AirMech Arena,Action,,XOne,Ubisoft,Ubisoft,,,2015
22275,Alekhine's Gun,Action,M,XOne,Maximum Games,Maximum Games,,,2016
22799,Another World,Adventure,,XOne,Adult Dream,DotEmu,,,2016
22815,Anthem,Role-Playing,,XOne,Electronic Arts,BioWare Corp.,,,2019
23244,Assassin's Creed Chronicles: China,Action-Adventure,,XOne,Ubisoft,Climax Studios,,,2015
23246,Assassin's Creed Chronicles: India,Action,,XOne,Ubisoft,Unknown,,,2016
23248,Assassin's Creed Chronicles: Russia,Action,,XOne,Ubisoft,Unknown,,,2016
23583,Axiom Verge,Action,,XOne,Thomas Happ Games,Thomas Happ Games,,,2017
23604,Azito x Tatsunoko Legends,Simulation,,XOne,Unknown,Unknown,,,2011
23617,Aztez,Misc,,XOne,Team Colorblind,Unknown,,,2015
23741,BADLAND: Game of the Year Edition,Action,,XOne,Frogmind,Frogmind,,,2015
24361,Below,Action-Adventure,,XOne,Capybara Games,Capybara Games,,,2018
24416,Beyond Eyes,Adventure,,XOne,Team17 Software,Tiger & Squid,,,2015
24540,Biomutant,Action,,XOne,THQ Nordic,Experiment 101,,,2019
24720,Bladestorm: The Hundred Years' War,Action,,XOne,BioWare,Omega Force,,,2015
24886,Blue Estate,Misc,,XOne,Focus Home Interactive,Unknown,,,2015
25369,Brothers in Arms: Furious 4,Shooter,,XOne,Ubisoft,Gearbox Software,,,2019
25588,Buzz Buzz Bang,Action,,XOne,Unknown,keith curtis,,,1993
25916,Carmageddon: Reincarnation,Misc,,XOne,Stainless Games,Unknown,,,2015
26210,Chaos;Child,Visual Novel,,XOne,5pb,5pb. Inc.,,,2014
26222,Chariot,Adventure,E,XOne,Frima Studio,Frima Studio,,,2015
26344,Child of Light,Role-Playing,E10,XOne,Ubisoft,Ubisoft Montreal,,,2014
26716,Cobalt,Action,,XOne,Mojang,Oxeye Game Studio,,,2016
27092,Costume Quest 2,Role-Playing,,XOne,Double Fine Productions,Double Fine Productions,,,2014
27139,Crackdown 3,Action,M,XOne,Microsoft Studios,Sumo Digital,,,2019
27290,Crimson Dragon,Shooter,T,XOne,Microsoft Studios,Grounding Inc.,,,2013
27338,Cross Reverie,Role-Playing,,XOne,Sinxsoft,Sinxsoft,,,2017
27465,Cult County,Misc,,XOne,Renegade Kid,Unknown,,,2016
27477,Cuphead,Action,E10,XOne,Studio MDHR,Studio MDHR,,,2017
27597,D4: Dark Dreams Don't Die,Adventure,M,XOne,Microsoft Studios,Access Games,,,2013
27929,De-formers,Action,,XOne,GameTrust,Ready at Dawn,,,2020
27946,Dead Island 2,Action,M,XOne,Deep Silver,Sumo Digital,,,2018
28008,Dear Esther: Landmark Edition,Adventure,,XOne,Good Shepherd Entertainment,thechineseroom,,,2016
28114,Defense Grid 2,Misc,,XOne,505 Games,Unknown,,,2014
28320,Devil May Cry 4 Special Edition,Action,,XOne,Capcom,Capcom,,,2015
28650,Divekick,Fighting,,XOne,Namco Networks America Inc.,Namco Networks America Inc.,,,2020
28759,Don Bradman Cricket 17,Sports,,XOne,Tru Blu Entertainment,Big Ant Studios,,,2016
29571,EA Sports PGA Tour,Sports,,XOne,EA Sports,EA Tiburon,,,2015
30344,Fable Legends,Role-Playing,,XOne,Microsoft Studios,Lionhead Studios,,,2019
30664,Fe,Action,E,XOne,Electronic Arts,Zoink Games,,,2018
30684,Fenix Rage,Platform,,XOne,Green Lava Studios,Green Lava Studios,,,2015
31216,FORCED,Role-Playing,,XOne,BetaDwarf,BetaDwarf,,,2020
31454,FRU,Puzzle,,XOne,Through Games,Through Games,,,2016
31462,Fruit Ninja Kinect 2,Action,,XOne,Halfbrick Studios,Halfbrick Studios,,,2016
31510,Funk of Titans,Platform,,XOne,A Crowd of Monsters,Atooi,,,2015
32019,Geometry Wars 3: Dimensions,Shooter,,XOne,Sierra Entertainment,Lucid Games,,,2014
32059,Get Even,Misc,,XOne,Unknown,Unknown,,,2016
32161,Gigantic,Action,,XOne,Perfect World Entertainment,Motiga,,,2017
32397,Gone Home,Adventure,M,XOne,Majesco Entertainment,The Fullbright Company,,,2016
32409,Goosebumps: The Game,Adventure,,XOne,WayForward Technologies,WayForward Technologies,,,2015
32666,Guacamelee!,Action,E10,XOne,DrinkBox Studios,DrinkBox Studios,,,2014
32772,Gunscape,Action,,XOne,Unknown,Unknown,,,2015
32935,Halo: Spartan Assault,Shooter,,XOne,Microsoft Studios,Vanguard Games,,,2013
33350,Hellraid,Misc,,XOne,Techland,Unknown,,,2016
33846,Human Element,Misc,,XOne,Unknown,Unknown,,,2015
33915,Hyper Light Drifter,Role-Playing,,XOne,Rebellion Games,Rebellion Games,,,2016
34160,Industry Giant II,Strategy,E,XOne,UIG Entertainment,"Reactor, Inc.",,,2017
34229,Inside,Platform,,XOne,Playdead,Playdead,,,2016
34233,Inside My Radio,Platform,,XOne,Seaven Studio,Seaven Studio,,,2020
34367,Iron Harvest,Strategy,,XOne,Unknown,Unknown,,,2008
35015,Kaiju Panic,Strategy,,XOne,Mechabit,Mechabit,,,2020
35262,KickBeat,Misc,,XOne,Zen Studios,Unknown,,,2015
35387,King of Wushu,Action,,XOne,Snail Game,Snail Game,,,2016
35422,Kingdom Hearts III,Role-Playing,,XOne,Square Enix,Square Enix,,,2019
35535,Knight Squad,Action,,XOne,Chainsawesome Games,Chainsawesome Games,,,2015
35879,Lara Croft and the Temple of Osiris,Action,T,XOne,Square Enix,Crystal Dynamics,,,2014
36007,Legend of Raven,Misc,,XOne,Nicalis,Unknown,,,2014
36162,Lifeless Planet,Puzzle,,XOne,Williams Entertainment Inc.,Williams Entertainment Inc.,,,2015
36199,LIMBO,Platform,,XOne,Playdead,Playdead,,,2014
36276,LocoCycle,Action,,XOne,Microsoft Studios,Twisted Pixel Games,,,2013
36423,Lovers in a Dangerous Spacetime,Action,,XOne,Asteroid Base,Asteroid Base,,,2020
36704,Magic Duels: Origin,Misc,,XOne,Wizards of the Coast,Wizards of the Coast,,,2016
37325,Max: The Curse of Brotherhood,Action-Adventure,E10,XOne,Microsoft Studios,Press Play,,,2013
37626,Mercury,Action,,XOne,Unknown,Unknown,,,2016
37752,Metro Exodus,Shooter,,XOne,Deep Silver,4a-games,,,2019
38236,Monochroma,Misc,,XOne,Unknown,Unknown,,,2014
38378,Moons Of Madness,Role-Playing,,XOne,Unknown,Unknown,,,2002
38494,Mount & Blade: Warband,Role-Playing,,XOne,Koch Media,Taleworlds,,,2016
38778,Mystereet F: The Detectives' Curtain Call,Misc,,XOne,5pb,Unknown,,,2015
39222,Nero,Puzzle,,XOne,Game Grinder,Game Grinder,,,2016
39259,Never Alone,Misc,,XOne,E-Line Media,Unknown,,,2014
39266,Neverwinter,Role-Playing,,XOne,Perfect World Entertainment,Cryptic Studios,,,2015
39603,No Time to Explain,Action,,XOne,TinyBuild Games,TinyBuild Games,,,2015
39719,Not a Hero,Misc,,XOne,Devolver Digital,Unknown,,,2015
39790,Oceanhorn: Monster of Uncharted Seas,Action,,XOne,FDG Entertainment,Cornfox & Brothers,,,2016
39836,Oddworld: Abe's Oddysee New N' Tasty!,Platform,,XOne,Oddworld Inhabitants,Just Add Water,,,2015
40091,Ori and the Blind Forest,Platform,,XOne,Microsoft Studios,Moon Studios,,,2015
40250,Overlord: Fellowship of Evil,Action,,XOne,Codemasters,Codemasters,,,2015
40539,Pathologic,Adventure,,XOne,Ice-pick Lodge,Ice-pick Lodge,,,2016
40614,Peggle 2,Misc,,XOne,Electronic Arts,Unknown,,,2013
40784,Phantom Dust,Action,T,XOne,Microsoft Studios,Code Mystics,,,2017
40859,Pier Solar and the Great Architects,Role-Playing,,XOne,WaterMelon,WaterMelon Development,,,2014
40905,Pinball FX 2,Misc,,XOne,Zen Studios,Zen Studios,,,2014
40991,Pit People,Strategy,,XOne,The Behemoth,The Behemoth,,,2018
41062,Plague Inc.,Strategy,,XOne,Ndemic Creations,Ndemic Creations,,,2020
41174,Pneuma: Breath of Life,Puzzle,,XOne,Deco Digital,Deco Digital,,,2015
41478,Powerstar Golf,Sports,,XOne,Microsoft Studios,Zoe Mode,,,2013
41666,Pro Cycling Manager 2016,Sports,,XOne,Focus Home Interactive,Cyanide Studio,,,2016
41727,Professional Farmer 2016,Action,,XOne,Namco Bandai Games,Unknown,,,2015
41729,Professional Lumberjack 2016,Simulation,,XOne,Namco Bandai Games,UIG Entertainment,,,2015
41874,Pure Pool,Sports,E,XOne,Triniti Interactive,VooFoo Studios,,,2015
41931,Puyo Puyo Tetris,Puzzle,,XOne,Sega,Sonic Team,,,2014
42198,R.B.I. Baseball 14,Misc,,XOne,MLB.com,Unknown,,,2014
42200,R.B.I. Baseball 15,Sports,E,XOne,MLB.com,MLB.com,,,2015
42324,Raiden V,Action,,XOne,Moss,Moss,,,2016
42448,Raven's Cry,Role-Playing,M,XOne,TopWare Interactive,Reality Pump Studios,,,2014
42489,Razor Global Domination Pro Tour,Misc,,XOne,Renegade Kid,Unknown,,,2016
42644,Red Goddess,Platform,,XOne,Yanim Studio,Yanim Studio,,,2018
42841,Reus,Strategy,,XOne,Soedesco,Abbey Games,,,2016
43127,Rock of Ages II: Bigger and Boulder,Action,,XOne,Atlus,ACE Team,,,2017
43200,Rogue Legacy,Action,,XOne,Cellar Door Games,Cellar Door Games,,,2015
43754,Scalebound,Action,,XOne,Microsoft Studios,PlatinumGames,,,2017
43849,Sea Animal Games for Toddlers and Kids with Jigsaw Puzzles,Misc,,XOne,Ubisoft,Unknown,,,2013
44285,Shantae: Half-Genie Hero,Platform,T,XOne,WayForward Technologies,Way Forward Technologies,,,2016
44354,Shiftlings,Platform,,XOne,Sierra Entertainment,Rock Pocket Ltd,,,2015
44452,Shiness: The Lightning Kingdom,Role-Playing,,XOne,Focus Home Interactive,Enigami SAS,,,2017
44591,Shooting Love Trilogy,Shooter,,XOne,Triangle Service,Triangle Service,,,2015
45126,SlashDash,Action,,XOne,Unknown,Unknown,,,1990
45138,Slender: The Arrival,Adventure,,XOne,Unknown,Polytron Corporation,,,2015
45604,Source,Misc,,XOne,Fenix Fire,Unknown,,,2015
45645,Space Engineers,Simulation,,XOne,Keen Software House,Keen Software House,,,2019
45671,Space Hulk: Deathwing,Shooter,,XOne,Focus Home Interactive,Cyanide Studio,,,2019
45805,Spectra,Racing,T,XOne,Gateway Interactive,Gateway Interactive,,,2015
45809,Spectra 8bit Racing,Racing,,XOne,NetherRealm Studios / Other Ocean Interactive,NetherRealm Studios / Other Ocean Interactive,,,2020
45867,Spellforce Universe,Misc,,XOne,Konami Digital Entertainment,Unknown,,,2014
46492,Stranger of Sword City,Role-Playing,,XOne,Experience Inc.,Experience Inc.,,,2016
46605,Strike Suit Zero,Misc,,XOne,Born Ready Games,Unknown,,,2014
46845,Super Dungeon Bros,Action,E10,XOne,Wired Productions,React Games,,,2016
47079,Super Time Force,Misc,,XOne,Capybara Games,Unknown,,,2014
47126,SUPERHOT,Shooter,,XOne,SUPERHOT Team,SUPERHOT Team,,,2016
47355,Tachyon Project,Action,,XOne,Eclipse Games,Eclipse Games,,,2015
47424,Tales from the Borderlands,Adventure,,XOne,Telltale Games,Telltale Games,,,2014
47698,Tembo the Badass Elephant,Platform,,XOne,Sega,Game Freak,,,2015
47855,Tetris Ultimate,Puzzle,E,XOne,Ubisoft,Ubisoft Montreal,,,2014
47960,The Banner Saga,Role-Playing,,XOne,Versus Evil,Stoic Studio,,,2016
47964,The Banner Saga 2,Role-Playing,,XOne,Versus Evil,Stoic Studio,,,2016
47993,The Binding of Isaac: Rebirth,Action,,XOne,Nicalis,Nicalis,,,2015
48019,The Book of Unwritten Tales 2,Adventure,T,XOne,Nordic Games,KING Art Games,,,2015
48152,The Escapists,Action,,XOne,Team17 Software,Mouldy Toof Studios,,,2015
48155,The Escapists: The Walking Dead,Action,,XOne,Team17 Software,Team17 Software,,,2015
48475,The Legend of Korra (2014),Action,,XOne,Activision,PlatinumGames,,,2014
48775,The Sexy Brutale,Adventure,,XOne,Tequila Works,Tequila Works,,,2017
48982,The Walking Dead: Michonne,Adventure,,XOne,Telltale Games,Telltale Games,,,2016
48984,The Walking Dead: Season Three,Action,,XOne,Telltale Games,Telltale Games,,,2020
49051,There Came an Echo,Misc,,XOne,Iridium,Unknown,,,2015
49105,Threes!,Puzzle,,XOne,Sirvo LLC,Sirvo LLC,,,2014
50370,Unmechanical,Puzzle,,XOne,Grip Games,Grip Games,,,2015
50394,Unravel,Platform,,XOne,Electronic Arts,ColdWood Interactive,,,2016
50508,Valiant Hearts: The Great War,Adventure,T,XOne,Ubisoft,Ubisoft Montpellier,,,2014
51129,We Sing (2016),Music,T,XOne,THQ Nordic,THQ Nordic,,,2016
51269,Whore of the Orient,Misc,,XOne,Warner Bros. Interactive Entertainment,Unknown,,,2020
51580,Wonder Boy: The Dragon's Trap (Remake),Platform,E10,XOne,DotEmu,Lizardcube,,,2017
51591,WonderFlick,Misc,,XOne,Level 5,Unknown,,,2015
51604,Woodcutter Simulator 2016,Action,,XOne,Namco Bandai Games,Unknown,,,2015
51621,Woolfe: The Red Hood Diaries,Adventure,,XOne,GriN Multimedia,GriN Multimedia,,,2020
51767,World to the West,Action-Adventure,,XOne,Rain Games,Rain Games,,,2017
51797,Worms Battlegrounds,Strategy,E10,XOne,Team17 Software,Team17,,,2015
51848,Wulverblade,Action,,XOne,Darkwind Media,Darkwind Media,,,2018
51965,Xbox Fitness,Misc,,XOne,Microsoft Studios,Sumo Digital,,,2013
52581,The Dark Pictures: Man of Medan,Adventure,,XOne,Bandai Namco Entertainment,Bandai Namco,,,2019
52587,The Infectious Madness of Doctor Dekker,Adventure,,XOne,Wales Interactive Ltd.,D'Avekki Studios Limited,,,2018
52605,2064: Read Only Memories,Adventure,,XOne,MidBoss,MidBoss,,,2017
52619,99Vidas,Action,,XOne,Unknown,QUByte Interactive,,,2018
52627,A Hat in Time,Platform,,XOne,Humble Bundle,Gears for Breakfast,,,2017
52630,A King's Tale: Final Fantasy XV,Action,,XOne,Square Enix,Empty Clip Studios,,,2016
52632,A Plague Tale: Innocence,Action-Adventure,,XOne,Focus Home Interactive,Asobo Studio,,,2019
52646,ACA NEOGEO 2020 SUPER BASEBALL,Sports,,XOne,Hamster Corporation,SNK Corporation,,,2017
52650,ACA NEOGEO AERO FIGHTERS 2,Shooter,,XOne,Hamster Corporation,Video System,,,2017
52653,ACA NEOGEO AERO FIGHTERS 3,Shooter,,XOne,Hamster Corporation,Video System,,,2018
52655,ACA NEOGEO ALPHA MISSION II,Shooter,,XOne,Hamster Corporation,SNK Corporation,,,2017
52658,ACA NEOGEO ART OF FIGHTING,Fighting,,XOne,Hamster Corporation,SNK Corporation,,,2017
52661,ACA NEOGEO ART OF FIGHTING 2,Fighting,,XOne,Hamster Corporation,SNK Corporation,,,2017
52664,ACA NEOGEO ART OF FIGHTING 3,Fighting,,XOne,Hamster Corporation,SNK Corporation,,,2018
52666,ACA NEOGEO BASEBALL STARS PROFESSIONAL,Sports,,XOne,Hamster Corporation,SNK Corporation,,,2018
52668,ACA NEOGEO BLAZING STAR,Shooter,,XOne,Hamster Corporation,SNK Corporation,,,2018
52670,ACA NEOGEO BLUE'S JOURNEY,Action,E,XOne,Hamster Corporation,SNK Corporation,,,2017
52673,ACA NEOGEO BURNING FIGHT,Action,,XOne,Hamster Corporation,SNK Corporation,,,2017
52676,ACA NEOGEO FATAL FURY,Fighting,,XOne,Hamster Corporation,SNK Corporation,,,2017
52679,ACA NEOGEO FATAL FURY 2,Fighting,,XOne,Hamster Corporation,SNK Corporation,,,2017
52681,ACA NEOGEO FATAL FURY 3,Fighting,,XOne,Hamster Corporation,SNK Corporation,,,2017
52685,ACA NEOGEO FATAL FURY SPECIAL,Fighting,,XOne,Hamster Corporation,SNK Corporation,,,2017
52689,ACA NEOGEO GALAXY FIGHT: UNIVERSAL WARRIORS,Fighting,,XOne,Hamster Corporation,SunSoft,,,2017
52693,ACA NEOGEO GHOST PILOTS,Action,,XOne,Hamster Corporation,SNK Corporation,,,2018
52696,ACA NEOGEO Gururin,Puzzle,,XOne,Hamster Corporation,FACE,,,2018
52698,ACA NEOGEO KARNOV'S REVENGE,Fighting,,XOne,Hamster Corporation,Data East,,,2017
52701,ACA NEOGEO KING OF THE MONSTERS,Action,,XOne,Hamster Corporation,SNK Corporation,,,2017
52704,ACA NEOGEO LAST RESORT,Shooter,,XOne,Hamster Corporation,SNK Corporation,,,2017
52707,ACA NEOGEO LEAGUE BOWLING,Sports,,XOne,Hamster Corporation,SNK Corporation,,,2018
52709,ACA NEOGEO MAGICAL DROP II,Puzzle,,XOne,Hamster Corporation,Data East,,,2017
52712,ACA NEOGEO MAGICAL DROP III,Puzzle,,XOne,Hamster Corporation,Data East,,,2018
52715,ACA NEOGEO MAGICIAN LORD,Action,,XOne,Hamster Corporation,SNK Corporation,,,2017
52718,ACA NEOGEO METAL SLUG,Action,,XOne,Hamster Corporation,SNK Corporation,,,2017
52721,ACA NEOGEO METAL SLUG 2,Action,,XOne,Hamster Corporation,SNK Corporation,,,2017
52724,ACA NEOGEO METAL SLUG 3,Action,,XOne,Hamster Corporation,SNK Corporation,,,2017
52727,ACA NEOGEO METAL SLUG X,Action,,XOne,Hamster Corporation,SNK Corporation,,,2017
52730,ACA NEOGEO Money Puzzle Exchanger,Puzzle,,XOne,Hamster Corporation,FACE,,,2018
52732,ACA NEOGEO MUTATION NATION,Action,,XOne,Hamster Corporation,SNK Corporation,,,2017
52735,ACA NEOGEO NAM-1975,Action,,XOne,Hamster Corporation,SNK Corporation,,,2017
52738,ACA NEOGEO NEO TURF MASTERS,Sports,,XOne,Hamster Corporation,SNK Corporation,,,2017
52742,ACA NEOGEO NINJA COMBAT,Action,,XOne,Hamster Corporation,SNK Corporation,,,2018
52744,ACA NEOGEO OVER TOP,Racing,,XOne,Hamster Corporation,SNK Corporation,,,2017
52747,ACA NEOGEO POWER SPIKES II,Sports,,XOne,Hamster Corporation,Video System,,,2018
52750,ACA NEOGEO PREHISTORIC ISLE 2,Action,,XOne,Hamster Corporation,SNK Corporation,,,2018
52752,ACA NEOGEO PULSTAR,Shooter,,XOne,Hamster Corporation,SNK Corporation,,,2017
52755,ACA NEOGEO PUZZLED,Puzzle,,XOne,Hamster Corporation,SNK Corporation,,,2017
52757,ACA NEOGEO REAL BOUT FATAL FURY,Fighting,,XOne,Hamster Corporation,SNK Corporation,,,2017
52760,ACA NEOGEO REAL BOUT FATAL FURY 2,Fighting,,XOne,Hamster Corporation,SNK Corporation,,,2018
52761,ACA NEOGEO REAL BOUT FATAL FURY SPECIAL,Fighting,,XOne,Hamster Corporation,SNK Corporation,,,2017
52765,ACA NEOGEO RIDING HERO,Racing,,XOne,Hamster Corporation,SNK Corporation,,,2018
52767,ACA NEOGEO ROBO ARMY,Action,,XOne,Hamster Corporation,SNK Corporation,,,2017
52770,ACA NEOGEO SAMURAI SHODOWN,Fighting,,XOne,Hamster Corporation,SNK Corporation,,,2017
52772,ACA NEOGEO SAMURAI SHODOWN II,Fighting,,XOne,Hamster Corporation,SNK Corporation,,,2017
52775,ACA NEOGEO SAMURAI SHODOWN III,Fighting,,XOne,Hamster Corporation,SNK Corporation,,,2018
52780,ACA NEOGEO SAMURAI SHODOWN IV,Fighting,,XOne,Hamster Corporation,SNK Corporation,,,2018
52782,ACA NEOGEO SAMURAI SHODOWN V,Fighting,,XOne,Hamster Corporation,SNK Corporation,,,2018
52784,ACA NEOGEO SENGOKU,Action,,XOne,Hamster Corporation,SNK Corporation,,,2017
52786,ACA NEOGEO SENGOKU 2,Action,,XOne,Hamster Corporation,SNK Corporation,,,2017
52790,ACA NEOGEO SENGOKU 3,Action,,XOne,Hamster Corporation,SNK Corporation,,,2018
52793,ACA NEOGEO SHOCK TROOPERS,Action,,XOne,Hamster Corporation,SNK Corporation,,,2018
52796,ACA NEOGEO SHOCK TROOPERS 2nd Squad,Action,,XOne,Hamster Corporation,SNK Corporation,,,2018
52799,ACA NEOGEO SOCCER BRAWL,Sports,,XOne,Hamster Corporation,SNK Corporation,,,2017
52802,ACA NEOGEO SPIN MASTER,Action,,XOne,Hamster Corporation,Data East,,,2017
52806,ACA NEOGEO STAKES WINNER,Sports,,XOne,Hamster Corporation,SNK Corporation,,,2018
52808,ACA NEOGEO STREET HOOP,Sports,,XOne,Hamster Corporation,Data East,,,2017
52811,ACA NEOGEO SUPER SIDEKICKS,Sports,,XOne,Hamster Corporation,SNK Corporation,,,2017
52815,ACA NEOGEO SUPER SIDEKICKS 2,Sports,,XOne,Hamster Corporation,SNK Corporation,,,2018
52817,ACA NEOGEO SUPER SIDEKICKS 3 : THE NEXT GLORY,Sports,,XOne,Hamster Corporation,SNK Corporation,,,2018
52819,ACA NEOGEO THE KING OF FIGHTERS '94,Fighting,,XOne,Hamster Corporation,SNK Corporation,,,2017
52822,ACA NEOGEO THE KING OF FIGHTERS '95,Fighting,,XOne,Hamster Corporation,SNK Corporation,,,2017
52825,ACA NEOGEO THE KING OF FIGHTERS '96,Fighting,,XOne,Hamster Corporation,SNK Corporation,,,2017
52827,ACA NEOGEO THE KING OF FIGHTERS '97,Fighting,,XOne,Hamster Corporation,SNK Corporation,,,2017
52831,ACA NEOGEO THE KING OF FIGHTERS '98,Fighting,,XOne,Hamster Corporation,SNK Corporation,,,2018
52834,ACA NEOGEO THE KING OF FIGHTERS '99,Fighting,,XOne,Hamster Corporation,SNK Corporation,,,2018
52836,ACA NEOGEO THE KING OF FIGHTERS 2000,Fighting,,XOne,Hamster Corporation,SNK Corporation,,,2018
52838,ACA NEOGEO THE LAST BLADE,Fighting,,XOne,Hamster Corporation,SNK Corporation,,,2017
52840,ACA NEOGEO THE LAST BLADE 2,Fighting,,XOne,Hamster Corporation,SNK Corporation,,,2018
52844,ACA NEOGEO THE SUPER SPY,Action,,XOne,Hamster Corporation,SNK Corporation,,,2018
52846,ACA NEOGEO TOP HUNTER RODDY & CATHY,Action,,XOne,Hamster Corporation,SNK Corporation,,,2017
52849,ACA NEOGEO TOP PLAYERS GOLF,Sports,,XOne,Hamster Corporation,SNK Corporation,,,2018
52851,ACA NEOGEO WAKU WAKU 7,Fighting,,XOne,Hamster Corporation,SunSoft,,,2017
52853,ACA NEOGEO WORLD HEROES,Fighting,,XOne,Hamster Corporation,SNK Corporation,,,2018
52855,ACA NEOGEO WORLD HEROES 2,Fighting,,XOne,Hamster Corporation,SNK Corporation,,,2017
52858,ACA NEOGEO WORLD HEROES 2 JET,Fighting,,XOne,Hamster Corporation,SNK Corporation,,,2017
52863,ACA NEOGEO ZED BLADE,Shooter,,XOne,Hamster Corporation,NMK,,,2017
52871,Achtung! Cthulhu Tactics,Strategy,,XOne,Unknown,Auroch Digital,,,2017
52886,Age of Wonders: Planetfall,Strategy,,XOne,Paradox Interactive,Triumph Studios,,,2019
52899,AlienCruise,Shooter,E,XOne,E-Home Entertainment,Cotton Game,,,2019
52905,Alvastia Chronicles,Role-Playing,E10,XOne,Kemco,Exe Create Inc.,,,2019
52911,American Ninja Warrior 2018,Sports,,XOne,GameMill,Solutions 2 Go,,,2019
52915,Among The Sleep,Adventure,,XOne,Krillbite Studio,Krillbite Studio,,,2016
52921,Ancestors: The Humankind Odyssey,Adventure,T,XOne,Private Division,Panache Digital Games,,,2019
52937,Anodyne,Action-Adventure,M,XOne,Analgesic Productions,Analgesic Productions,,,2018
52946,AO International Tennis,Sports,,XOne,Big Ant Studios,Big Ant Studios,,,2018
52953,Apex Legends,Shooter,,XOne,Electronic Arts,Respawn Entertainment,,,2019
52974,Aritana and the Harpy's Feather,Platform,E,XOne,Duaik Entretenimento,Duaik Entretenimento,,,2015
52987,Asdivine Hearts II,Role-Playing,E10,XOne,Kemco,Exe Create Inc.,,,2018
52991,Ashen (2018),Action-Adventure,,XOne,Annapurna Interactive,Aurora44,,,2018
53001,Assassin's Creed III Remastered,Action-Adventure,M,XOne,Ubisoft,Ubisoft,,,2019
53009,Asterix and Obelix XXL2,Action-Adventure,E10,XOne,Microids,Microids,,,2018
53018,At Sundown: Shots in the Dark,Shooter,,XOne,Versus Evil,Mild Beast Games,,,2019
53028,ATLAS,MMO,,XOne,Studio Wildcard,Studio Wildcard,,,2019
53030,Atomic Heart,Shooter,,XOne,Unknown,Mundfish,,,2019
53034,Attack of the Earthlings,Strategy,,XOne,Wales Interactive Ltd.,Team Junkfish,,,2019
53039,Attack on Titan 2: Final Battle,Action-Adventure,RP,XOne,Koei Tecmo,Omega Force,,,2019
53070,Battletoads (2019),Action,RP,XOne,Microsoft Studios,Dlala Studios,,,2019
53084,Bee Simulator,Simulation,,XOne,Unknown,Varsav Games Studio,,,1982
53087,Ben-Hur,Racing,T,XOne,AOL,Krome Studios,,,2016
53105,Black Desert,MMO,,XOne,Pearl Abyss,Pearl Abyss,,,2019
53111,Blackhole: Complete Edition,Platform,T,XOne,1C Company,FiolaSoft Studio,,,2017
53128,Blazing Chrome,Shooter,,XOne,Unknown,JoyMasher,,,2019
53141,Bloodstained: Curse of the Moon,Platform,,XOne,Unknown,Inti Creates,,,2018
53147,Bloodstained: Ritual of the Night,Action-Adventure,T,XOne,"505 Games US, Inc.",Way Forward Technologies,,,2019
53162,Bomber Crew,Simulation,E10,XOne,Curve Digital,Runner Duck,,,2018
53170,Borderlands 3,Shooter,RP,XOne,2K Games,Gearbox Software,,,2019
53172,Borderlands: Game of the Year Edition,Shooter,,XOne,Unknown,Gearbox Software,,,
53183,Brawlout,Fighting,,XOne,Unknown,Angry Mob Games,,,2018
53189,Bright Memory: Infinite,Shooter,,XOne,Unknown,FYQD Personal Studio,,,2019
53207,Capcom Beat 'Em Up Bundle,Fighting,T,XOne,Capcom,Capcom,,,2018
53213,Castle Crashers Remastered,Action,,XOne,The Behemoth,The Behemoth,,,2015
53219,Castlevania Anniversary Collection,Action-Adventure,,XOne,Unknown,Konami,,,2018
53233,Cecile,Action,,XOne,Unknown,CyberConnect2,,,
53236,Celeste,Platform,,XOne,Matt Makes Games Inc.,Matt Thorson,,,2018
53254,Chroma Squad,Role-Playing,,XOne,Unknown,Behold Studios,,,
53270,Clustertruck,Misc,,XOne,TinyBuild Games,Landfall,,,2016
53274,Code Vein,Action,M,XOne,Bandai Namco Entertainment,Bandai Namco Studios,,,2019
53291,Contra Anniversary Collection,Action-Adventure,,XOne,Unknown,Konami,,,
53293,Control,Adventure,RP,XOne,505 Games,Remedy,,,2019
53300,"Cook, Serve, Delicious! 2!!",Simulation,E10,XOne,Vertigo Gaming Inc.,Vertigo Gaming Inc.,,,2019
53307,Crash Team Racing Nitro-Fueled,Racing,RP,XOne,Activision,Beenox,,,2019
53318,CrossCode,Role-Playing,T,XOne,Unknown,Radical Fish Games,,,
53327,Crypt of the NecroDancer,Music,T,XOne,Brace Yourself Games,Brace Yourself Games,,,2017
53337,Cyberpunk 2077,Action-Adventure,,XOne,CD Projekt Red Studio,CD Projekt Red Studio,,,2019
53346,Dance Central Spotlight,Music,,XOne,Microsoft Studios,Harmonix Music Systems,,,2014
53350,Dandara,Action,,XOne,Unknown,Long Hat House,,,
53353,Dangerous Driving,Racing,,XOne,Unknown,Three Fields Entertainment,,,
53360,Darkest Dungeon,Role-Playing,T,XOne,Red Hook Studios,Red Hook Studios,,,2018
53369,Dauntless,Role-Playing,,XOne,Phoenix Labs,Phoenix Labs,,,2019
53372,de Blob,Platform,E,XOne,THQ Nordic,Blue Tongue,,,2017
53379,Dead Cells,Action,T,XOne,Merge Games,Motion Twin,,,2018
53383,Dead or Alive 6,Fighting,M,XOne,Koei Tecmo,Team Ninja,,,2019
53391,Dead or School,Action,,XOne,Unknown,Nanafushi,,,2019
53397,Deadlight: Director's Cut,Action-Adventure,M,XOne,Deep Silver,Tequila Works|Abstraction Games,,,2016
53399,Death Mark,Misc,M,XOne,Unknown,Experience Inc.,,,
53402,Death Road to Canada,Action,,XOne,Unknown,Rocketcat Games,,,2016
53415,Degrees of Separation,Puzzle,,XOne,Unknown,Moondrop,,,2018
53423,Descent (2019),Shooter,,XOne,Unknown,Descendent Studios,,,1982
53428,Desperados III,Strategy,RP,XOne,THQ Nordic,Mimimi Productions,,,2019
53439,Devil May Cry 5,Action,M,XOne,Capcom,Capcom,,,2019
53441,Dex,Role-Playing,M,XOne,Dreadlocks Ltd,Dreadlocks Ltd,,,2016
53451,Die for Valhalla!,Action,,XOne,Unknown,Monster Couch,,,2019
53459,Digimon Survive,Role-Playing,RP,XOne,Bandai Namco Entertainment,WitchCraft,,,2019
53470,DiRT Rally 2.0,Racing,E,XOne,Deep Silver,Codemasters,,,2019
53478,Disco Dodgeball Remix,Sports,,XOne,Unknown,Zen Studios,,,2018
53496,Doom Eternal,Shooter,,XOne,Bethesda Softworks,id Software,,,2019
53521,Dragonball Project Z,Action,RP,XOne,Bandai Namco Games,CyberConnect2,,,2019
53527,Dragons: Dawn of New Riders,Action-Adventure,,XOne,Unknown,Outright Games,,,1982
53549,Dying Light 2,Action,,XOne,Techland,Techland,,,2019
53557,Earthlock: Festival of Magic,Role-Playing,,XOne,Unknown,Snowcastle Games,,,2018
53598,Evoland Legendary Edition,Action-Adventure,,XOne,Unknown,Shiro Games,,,2019
53605,Fable Fortune,Board Game,,XOne,Mediatonic,Mediatonic,,,2018
53622,Far Cry: New Dawn,Shooter,M,XOne,Ubisoft,Ubisoft,,,2019
53628,FAR: Lone Sails,Adventure,E,XOne,Mixtvision,Okomotive,,,2019
53649,Final Fantasy IX,Role-Playing,T,XOne,Square Enix,Square Enix,,,2019
53654,Final Fantasy VII,Role-Playing,,XOne,Square Enix,Square Enix,,,2019
53657,Final Fantasy X / X-2 HD Remaster,Role-Playing,T,XOne,Square Enix,Square Enix,,,2019
53659,Final Fantasy XII: The Zodiac Age,Role-Playing,T,XOne,Square Enix,Square Enix,,,2019
53661,Final Fantasy XV Multiplayer: Comrades,Role-Playing,,XOne,Square Enix,Square Enix,,,2018
53666,Final Fantasy XV Pocket Edition HD,Role-Playing,T,XOne,Square Enix,Square Enix,,,2018
53680,Flashback,Platform,,XOne,Microids,Paul Cuisset,,,2018
53700,Fortnite: Save the World,Shooter,,XOne,Unknown,Epic Games,,,
53703,Forza Horizon 2 Presents Fast & Furious,Racing,,XOne,Microsoft Studios,Playground Games,,,2015
53726,Frost,Misc,,XOne,Unknown,Studio des Tenebres,,,1983
53731,Fuga,Strategy,,XOne,Unknown,CyberConnect2,,,
53756,Gears of War 5,Shooter,M,XOne,Microsoft Studios,The Coalition,,,2019
53761,Generation Zero,Shooter,T,XOne,THQ Nordic,Avalanche Studios,,,2019
53764,Genesis Alpha One,Action,RP,XOne,Team17 Digital Ltd,Radiation Blue,,,2019
53800,GRIP: Combat Racing,Racing,E10,XOne,U&I Entertainment,Caged Element,,,2018
53832,Gwent: The Witcher Card Game,Misc,T,XOne,CD Projekt Red Studio,CD Projekt Red Studio,,,2018
53838,Halo Infinite,Shooter,,XOne,Microsoft Studios,343 Industries,,,2019
53841,Halo Wars: Definitive Edition,Strategy,,XOne,Microsoft Studios,Behaviour Interactive,,,2017
53866,Her Majesty's SPIFFING,Adventure,T,XOne,Unknown,Billy Goat Entertainment,,,
53883,Hitman HD Enhanced Collection,Action,M,XOne,IO Interactive,IO Interactive,,,2019
53892,Home Sweet Home (2017),Adventure,,XOne,Mastiff,"YGGDRAZIL GROUP CO.,LTD",,,2018
53895,Horizon Chase Turbo,Racing,,XOne,AQUIRIS,Aquiris Game Studio,,,2018
53913,I Am Bread,Simulation,E10,XOne,Bossa Studios,Bossa Studios,,,2017
53925,Immortal Redneck,Shooter,,XOne,CremaGames,CremaGames,,,2018
53939,Infinite Minigolf,Sports,E,XOne,Zen Studios,Zen Studios,,,2017
53943,Infinity Runner,Action,T,XOne,Wales Interactive Ltd.,Wales Interactive Ltd.,,,2015
53951,InnerSpace,Adventure,,XOne,Aspyr,PolyKnight Games,,,2018
53955,Insurgency: Sandstorm,Shooter,,XOne,Focus Home Interactive,New World Interactive,,,2019
53973,Irony Curtain: From Matryoshka,Visual Novel,,XOne,Unknown,Artifex Mundi,,,2017
53977,Ittle Dew 2,Action-Adventure,,XOne,Nicalis,Ludosity Interactive,,,2016
54002,Jotun: Valhalla Edition,Action,,XOne,Unknown,Thunder Lotus Games,,,
54008,Journey To the Savage Planet,Adventure,,XOne,505 Games,Typhoon Studios,,,2020
54011,Jump Force,Fighting,,XOne,Bandai Namco Entertainment,Spike Chunsoft,,,2018
54018,Kalimba,Platform,,XOne,Microsoft Studios,Press Play,,,2014
54041,Killer Instinct 2 Classic,Fighting,,XOne,Microsoft Studios,Code Mystics,,,2014
54042,Killer Instinct Classic,Fighting,,XOne,Microsoft Studios,Code Mystics,,,2013
54043,Killer Instinct: Definitive Edition,Fighting,M,XOne,Microsoft Studios,Iron Galaxy,,,2016
54059,Knee Deep,Adventure,,XOne,Unknown,Prologue Games,,,
54062,Knights of Pen and Paper +1 Edition,Role-Playing,,XOne,Unknown,Behold Studios,,,
54073,Konami Anniversary Collection: Arcade Classics,Misc,,XOne,Unknown,Konami,,,
54080,LA Cops,Shooter,M,XOne,Team17 Software,Modern Dream,,,2015
54086,La-Mulana 2,Platform,,XOne,Active Gaming Media,Nigoro,,,2019
54098,Late Shift,Adventure,,XOne,Unknown,CtrlMovie,,,
54114,Let's Sing 2016,Music,T,XOne,Ravenscourt,Voxler,,,2015
54124,Life is Strange 2,Adventure,M,XOne,Square Enix,Dotnod Entertainment,,,2018
54157,Lovely Planet,Action,E10,XOne,TinyBuild Games,QUICKTEQUILA,,,2016
54162,Lumo,Puzzle,E10,XOne,Rising Star Games,Triple Eh?,,,2016
54169,Magic 2015 - Duels of the Planeswalker,Strategy,,XOne,Microsoft Studios,Stainless Games,,,2015
54187,Marooners,Misc,E,XOne,M2H,M2H,,,2018
54202,Mega Coin Squad,Action,T,XOne,Adult Swim,Big Pixel Studios,,,2015
54255,Monster Boy and the Cursed Kingdom,Platform,E10,XOne,FDG Entertainment,Game Atelier,,,2018
54256,Monster Energy Supercross - The Official Videogame 2,Racing,,XOne,Milestone S.r.l.,Milestone S.r.l.,,,2019
54261,Monster Slayers,Role-Playing,,XOne,Unknown,Nerdook Productions,,,
54266,Monstrum,Action-Adventure,,XOne,Soedesco,Team Junkfish,,,2019
54270,Moonlighter,Role-Playing,E10,XOne,11 bit studios,Digital Sun,,,2018
54281,Mortal Kombat 11,Fighting,M,XOne,Warner Bros. Interactive Entertainment,NetherRealm Studios,,,2019
54285,Mosaic,Misc,,XOne,Unknown,Krillbite Studio,,,
54291,MotoGP 18,Racing,,XOne,Milestone S.r.l.,Milestone S.r.l,,,2018
54304,Mulaka,Action-Adventure,,XOne,Unknown,Lienzo,,,
54323,My Little Riding Champion,Sports,E,XOne,Bigben Interactive,Caipirinha Games,,,2018
54326,My Memory of Us,Adventure,E10,XOne,IMGN PRO,Juggler Games,,,2018
54330,My Time At Portia,Simulation,,XOne,Unknown,Pathea Games,,,
54335,N.E.R.O.: Nothing Ever Remains Obscure,Misc,E,XOne,Unknown,Storm in a Teacup,,,
54340,Naruto Shippuden: Ultimate Ninja Storm Trilogy,Fighting,,XOne,Bandai Namco Games,CyberConnect2,,,2017
54371,Next Up Hero,Action,,XOne,Aspyr,Digital Continue,,,2018
54379,Nidhogg 2,Action,,XOne,Messhof,Messhof,,,2018
54382,NieR: Automata,Role-Playing,,XOne,Square Enix,PlatinumGames,,,2018
54383,Night In The Woods,Adventure,T,XOne,Finji,Infinite Fall,,,2017
54398,Ninjin: Clash of Carrots,Action,,XOne,Unknown,Pocket Trap,,,
54418,Odallus: The Dark Call,Action-Adventure,,XOne,Unknown,JoyMasher,,,
54422,Oh...Sir! The Insult Simulator,Simulation,T,XOne,Vile Monarch,Vile Monarch,,,2017
54428,OlliOlli,Sports,E,XOne,Curve Digital,Roll7,,,2015
54436,OlliOlli2: XL Edition,Sports,E,XOne,Team17 Digital Ltd,Roll7,,,2016
54440,Olympic Games Tokyo 2020 - The Official Video Game,Sports,RP,XOne,Sega,Sega,,,2019
54445,Omen of Sorrow,Fighting,,XOne,Unknown,AOne Games,,,
54451,One Piece: World Seeker,Action,T,XOne,Bandai Namco Entertainment,Ganbarion,,,2019
54459,Oniken: Unstoppable Edition,Action,,XOne,Unknown,JoyMasher,,,
54461,Onimusha Warlords,Action,,XOne,Capcom,Capcom,,,2018
54463,Onimusha: Warlords,Action-Adventure,M,XOne,Capcom,Capcom,,,2019
54474,Ori and the Blind Forest: Definitive Edition,Platform,E,XOne,Microsoft Studios,Moon Studios,,,2016
54475,Ori and the Will of the Wisps,Platform,,XOne,Microsoft Studios,Moon Studios,,,2019
54488,Outcast: Second Contact,Adventure,,XOne,Bigben Interactive,Bigben Interactive,,,2017
54489,Outlast II,Action,,XOne,Unknown,Red Barrels,,,
54495,Outward,Role-Playing,RP,XOne,Deep Silver,Nine Dots Studio,,,2019
54498,Overkill's The Walking Dead,Action-Adventure,,XOne,505 Games,Overkill Software,,,2019
54504,Owlboy,Platform,,XOne,D-Pad Studio,D-Pad Studios,,,2018
54505,Oxenfree,Adventure,T,XOne,Night School Studio,Night School Studio,,,2016
54511,Paladins: Champions of the Realm,Shooter,,XOne,Hi-Rez Studios,Hi-Rez Studios,,,2017
54520,Pang Adventures,Action,,XOne,Unknown,DotEmu,,,
54529,Path of Exile,Role-Playing,,XOne,Grinding Gear Games,Grinding Gear Games,,,2017
54550,Phoenix Point,Strategy,RP,XOne,Snapshot Games,Snapshot Games,,,2019
54554,Phoenix Wright: Ace Attorney Trilogy,Adventure,T,XOne,Capcom,Capcom,,,2019
54573,Pinball FX 3,Simulation,,XOne,Zen Studios,Zen Studios,,,2017
54581,PixARK,Sandbox,T,XOne,Snail Game,Snail Games USA,,,2019
54587,Pixel Piracy,Role-Playing,T,XOne,505 Games,Quadro Delta,,,2016
54635,Power Rangers: Battle for the Grid,Fighting,RP,XOne,nWay,nWay,,,2019
54643,Pro Fishing Simulator,Simulation,E,XOne,Bigben Interactive,Sanuk Games,,,2019
54650,Psychonauts 2,Action,RP,XOne,Starbreeze Studios,Starbreeze Studios,,,2019
54662,Q*bert: Rebooted,Action,,XOne,LOOT Entertainment,Gonzo Games,,,2016
54674,RAD,Action-Adventure,,XOne,Unknown,Double Fine Productions,,,
54683,Radical Rabbit Stew,Puzzle,,XOne,Unknown,Pugstorm Game Studios,,,
54685,Rage 2,Shooter,,XOne,Bethesda Softworks,id Software,,,2019
54689,Raging Justice,Action,,XOne,Unknown,MakinGames Ltd,,,
54706,ReCore: Definitive Edition,Action-Adventure,T,XOne,Microsoft Studios,Armature Studio,,,2017
54715,RemiLore: Lost Girl in the Lands of Lore,Action,T,XOne,Nicalis,Nicalis,,,2019
54718,Resident Evil,Action-Adventure,M,XOne,Capcom,Capcom,,,2015
54720,Resident Evil 2,Action-Adventure,M,XOne,Capcom,Capcom,,,2019
54725,Resident Evil Zero,Action-Adventure,M,XOne,Capcom,Capcom,,,2016
54743,RICO,Shooter,,XOne,Rising Star Games,Ground Shatter,,,2019
54750,Riot: Civil Unrest,Simulation,,XOne,Merge Games,IV Productions,,,2019
54763,ROBLOX,Misc,,XOne,Roblox Corporation,Roblox Corporation,,,2016
54791,RPG Maker MV,Misc,E10,XOne,NIS America,Kadokawa Games,,,2019
54814,Samurai Shodown,Fighting,,XOne,Unknown,SNK Playmore,,,
54837,Sea of Solitude,Adventure,,XOne,Electronic Arts,Jo-Mei Games,,,2019
54849,Sekiro: Shadows Die Twice,Role-Playing,,XOne,Activision,From Software,,,2019
54865,Sephirothic Stories,Role-Playing,E10,XOne,Kemco,Exe Create Inc.,,,2019
54874,Session,Simulation,,XOne,Crea-ture Studios,Crea-ture Studios,,,2018
54883,Shadows: Awakening,Role-Playing,,XOne,Unknown,Games Farm,,,
54887,Shantae 5,Platform,RP,XOne,WayForward Technologies,WayForward Technologies,,,2019
54939,Sky Force Anniversary,Shooter,,XOne,Infinite Dreams Inc.,Infinite Dreams Inc.,,,2016
54945,Sky Force Reloaded,Shooter,,XOne,Infinite Dreams Inc.,Infinite Dreams Inc.,,,2017
54968,Snake Pass,Puzzle,E,XOne,Sumo Digital,Sumo Digital,,,2017
54976,Sniper Elite V2 Remastered,Shooter,,XOne,Unknown,Rebellion Games,,,
54981,So Many Me,Puzzle,,XOne,ORiGO Games,"Extend Interactive Co., Ltd.",,,2014
54987,SOMA,Adventure,M,XOne,Frictional Games,Frictional Games,,,2017
55012,Sparkle 2,Puzzle,E,XOne,10tons Ltd,10tons Ltd,,,2016
55032,Spike Volleyball,Sports,E,XOne,Bigben Interactive,Black Sheep Studio,,,2019
55043,Spy Chameleon - RGB Agent,Puzzle,E,XOne,Unfinished Pixel,Unfinished Pixel,,,2015
55047,Spyro + Crash Remastered Game Bundle,Misc,E10,XOne,Activision,Vicarious Visions|Toys for Bob,,,2018
55053,Star Child,Action-Adventure,,XOne,Unknown,Playful Corp.,,,
55059,Star Wars Jedi: Fallen Order,Misc,,XOne,Unknown,Respawn Entertainment,,,
55071,SteamWorld Dig 2,Platform,E10,XOne,Image & Form Games,Image & Form Games,,,2018
55074,SteamWorld Dig: A Fistful of Dirt,Platform,E10,XOne,Image & Form Games,Image & Form Games,,,2015
55082,Stern Pinball Arcade,Misc,T,XOne,Alliance Digital Media,FarSight Studios,,,2016
55087,Steven Universe: Save the Light / OK K.O.! Let's Play Heroes,Misc,,XOne,Outright Games,Outright Games,,,2019
55093,Stranger Things 3 - The Game,Action,,XOne,Unknown,BonusXP,,,
55105,Styx: Master of Shadows,Action,M,XOne,Focus Home Interactive,Cyanide Studios,,,2014
55125,Super Comboman,Action,E10,XOne,Flashman Games,Interabang Entertainment,,,2017
55137,Super Destronaut DX,Shooter,,XOne,Unknown,Petite Games,,,
55145,Super Meat Boy Forever,Platform,,XOne,Team Meat,Team Meat,,,2019
55171,Sword Art Online: Alicization Lycoris,Role-Playing,,XOne,Unknown,Bandai Namco,,,
55181,Tacoma,Adventure,,XOne,The Fullbright Company,The Fullbright Company,,,2017
55186,Tales of Vesperia: Definitive Edition,Role-Playing,T,XOne,Bandai Namco Entertainment,Bandai Namco Studios,,,2019
55197,Team Sonic Racing,Racing,E,XOne,Sega,Sumo Digital,,,2019
55216,TETRA's Escape,Puzzle,,XOne,Unknown,ABX Games,,,
55231,The Aquatic Adventure of the Last Human,Action-Adventure,,XOne,Digerati,YCJY,,,2018
55234,The Awesome Adventures of Captain Spirit,Adventure,,XOne,DONTNOD Entertainment,DONTNOD Entertainment,,,2018
55253,The Council,Adventure,M,XOne,Bigben Interactive,Big Bad Wolf,,,2019
55259,The Culling II,Shooter,,XOne,Unknown,Xaviant,,,
55272,The Elder Scrolls: Legends,Misc,,XOne,Unknown,Bethesda Game Studios,,,
55279,The Fall Part 2: Unbound,Action-Adventure,,XOne,Unknown,Over the Moon,,,
55309,The Last Night,Platform,,XOne,Unknown,Unknown,,,
55318,The LEGO Movie 2 Video Game,Action,E10,XOne,Warner Bros. Interactive,TT Fusion,,,2019
55330,The Little Acre,Adventure,,XOne,Unknown,Pewter Games Studios,,,
55345,The Mummy Demastered,Action,,XOne,WayForward Technologies,WayForward Technologies,,,2017
55352,The Occupation,Adventure,,XOne,Humble Bundle,White Paper Games,,,2019
55355,The Outer Worlds,Role-Playing,,XOne,Unknown,Obsidian Entertainment,,,
55379,The Sinking City,Action-Adventure,,XOne,Bigben Interactive,Frogwares,,,2019
55384,The Spectrum Retreat,Puzzle,,XOne,Unknown,Dan Smith Studios,,,
55389,The Station,Adventure,,XOne,Unknown,The Station,,,
55394,The Surge 2,Action-Adventure,,XOne,Focus Home Interactive,DECK13 Interactive,,,2019
55397,The Talos Principle,Puzzle,,XOne,Devolver Digital,Croteam,,,2018
55401,The Vanishing of Ethan Carter,Adventure,,XOne,The Astronauts,The Astronauts,,,2018
55403,The Walking Dead - A Telltale Series - The Final Season,Visual Novel,,XOne,Telltale Games,Telltale Games,,,2019
55412,The Way,Adventure,,XOne,Unknown,Puzzling Dream,,,
55415,The Witness,Puzzle,,XOne,"Thekla, Inc.","Thekla, Inc.",,,2016
55426,Thumper,Action,E10,XOne,Unknown,Drool,,,
55454,Tokyo Ogre Gate,Action,,XOne,Unknown,CyberConnect2,,,
55458,Tom Clancy?s The Division 2,Shooter,M,XOne,Ubisoft,Massive Entertainment,,,2019
55460,Tomb Raider: Definitive Edition,Action,,XOne,Square Enix,Crystal Dynamics,,,2014
55477,Tour de France 2018,Simulation,,XOne,Focus Home Interactive,Cyanide Studio,,,2018
55480,Tower of Guns,Shooter,,XOne,Unknown,Terrible Posture Games,,,
55486,Trailblazers,Racing,E,XOne,Rising Star Games,Supergonk,,,2018
55493,Trials Rising,Simulation,T,XOne,Ubisoft,Ubisoft,,,2019
55497,Tricky Towers,Puzzle,,XOne,WeirdBeard,WeirdBeard,,,2017
55503,Trine 4: The Nightmare Prince,Action-Adventure,,XOne,Unknown,Frozenbyte,,,
55515,Tropico 6,Simulation,,XOne,Kalypso Media,Limbic Entertainment,,,2019
55519,Truck Driver,Simulation,,XOne,Unknown,Triangle Studios,,,
55522,Truberbrook,Adventure,,XOne,Headup Games,btf,,,2019
55532,Tunic,Action-Adventure,,XOne,Finji,Andrew Shouldice,,,2019
55537,Twin Mirror,Adventure,,XOne,Unknown,DONTNOD Entertainment,,,
55563,Unexplored: Unlocked Edition,Role-Playing,,XOne,Unknown,Ludomotion,,,
55568,Unravel Two,Platform,,XOne,Electronic Arts,ColdWood Interactive,,,2018
55571,Unravel Yarny Bundle,Platform,E,XOne,Electronic Arts,ColdWood Interactive,,,2018
55574,Unruly Heroes,Platform,,XOne,Unknown,Magic Design Studios,,,
55596,Vaporum,Adventure,,XOne,Merge Games,Fatbot Games,,,2019
55605,Vesta,Puzzle,E,XOne,FinalBoss Games,FinalBoss Games,,,2018
55607,Victor Vran: Overkill Edition,Role-Playing,M,XOne,Wired Productions,Haemimont Games,,,2017
55614,Virginia,Adventure,,XOne,Unknown,Variable State,,,
55615,Voice Commander,Strategy,,XOne,Microsoft Studios,Microsoft Foundry Intern Program,,,2014
55618,Voodoo Vince: Remastered,Platform,,XOne,Microsoft Studios,Beep Games,,,2017
55633,Warframe,Action,,XOne,Digital Extremes,Digital Extremes,,,2014
55638,Wargroove,Strategy,E10,XOne,Chucklefish,Chucklefish,,,2019
55642,Warhammer: Chaosbane,Role-Playing,M,XOne,Bigben Interactive,EKO Software,,,2019
55681,Wolfenstein: Youngblood,Shooter,RP,XOne,Bethesda Softworks,MachineGames,,,2019
55704,World War Z,Shooter,,XOne,Focus Home Interactive,Saber Interactive,,,2019
55712,WRC 8,Racing,RP,XOne,Bigben Interactive,Kylotonn Entertainment,,,2019
55715,Wreckfest,Racing,RP,XOne,THQ Nordic,Bugbear Entertainment,,,2019
55730,Xeno Crisis,Action,,XOne,Unknown,Bitmap Bureau,,,
55735,Xenon Racer,Racing,E,XOne,Soedesco,3DClouds.it,,,2019
55739,Xenon Valkyrie+,Platform,E,XOne,COWCAT,Diabolical Mind,,,2018
55743,Xuan Yuan Sword: The Gate of Firmament,Role-Playing,,XOne,E-Home Entertainment,DOMO Studio,,,2018
55762,Ys Origin,Role-Playing,,XOne,Unknown,Nihon Falcom Corporation,,,
55767,Yuppie Psycho,Adventure,,XOne,Unknown,Baroque Decay,,,
55779,Zoo Tycoon: Ultimate Animal Collection,Simulation,E,XOne,Microsoft Studios,Frontier Developments,,,2017
55781,Indivisible,Role-Playing,,XOne,505 Games,Lab Zero Games,,,2019
55785,Ion Maiden,Shooter,,XOne,3D Realms,Voidpoint ,,,2019
55791,Lost Ember,Adventure,RP,XOne,Mooneye Studios,Mooneye Studios,,,2019
